--
-- PostgreSQL database dump
--

-- Dumped from database version 16.3 (Debian 16.3-1.pgdg120+1)
-- Dumped by pg_dump version 16.3 (Debian 16.3-1.pgdg120+1)

SET statement_timeout = 0;
SET lock_timeout = 0;
SET idle_in_transaction_session_timeout = 0;
SET client_encoding = 'UTF8';
SET standard_conforming_strings = on;
SELECT pg_catalog.set_config('search_path', '', false);
SET check_function_bodies = false;
SET xmloption = content;
SET client_min_messages = warning;
SET row_security = off;

--
-- Name: public; Type: SCHEMA; Schema: -; Owner: postgres
--

-- *not* creating schema, since initdb creates it


ALTER SCHEMA public OWNER TO postgres;

--
-- Name: SCHEMA public; Type: COMMENT; Schema: -; Owner: postgres
--

COMMENT ON SCHEMA public IS '';


SET default_tablespace = '';

SET default_table_access_method = heap;

--
-- Name: auth_group; Type: TABLE; Schema: public; Owner: postgres
--

CREATE TABLE public.auth_group (
    id integer NOT NULL,
    name character varying(150) NOT NULL
);


ALTER TABLE public.auth_group OWNER TO postgres;

--
-- Name: auth_group_id_seq; Type: SEQUENCE; Schema: public; Owner: postgres
--

ALTER TABLE public.auth_group ALTER COLUMN id ADD GENERATED BY DEFAULT AS IDENTITY (
    SEQUENCE NAME public.auth_group_id_seq
    START WITH 1
    INCREMENT BY 1
    NO MINVALUE
    NO MAXVALUE
    CACHE 1
);


--
-- Name: auth_group_permissions; Type: TABLE; Schema: public; Owner: postgres
--

CREATE TABLE public.auth_group_permissions (
    id bigint NOT NULL,
    group_id integer NOT NULL,
    permission_id integer NOT NULL
);


ALTER TABLE public.auth_group_permissions OWNER TO postgres;

--
-- Name: auth_group_permissions_id_seq; Type: SEQUENCE; Schema: public; Owner: postgres
--

ALTER TABLE public.auth_group_permissions ALTER COLUMN id ADD GENERATED BY DEFAULT AS IDENTITY (
    SEQUENCE NAME public.auth_group_permissions_id_seq
    START WITH 1
    INCREMENT BY 1
    NO MINVALUE
    NO MAXVALUE
    CACHE 1
);


--
-- Name: auth_permission; Type: TABLE; Schema: public; Owner: postgres
--

CREATE TABLE public.auth_permission (
    id integer NOT NULL,
    name character varying(255) NOT NULL,
    content_type_id integer NOT NULL,
    codename character varying(100) NOT NULL
);


ALTER TABLE public.auth_permission OWNER TO postgres;

--
-- Name: auth_permission_id_seq; Type: SEQUENCE; Schema: public; Owner: postgres
--

ALTER TABLE public.auth_permission ALTER COLUMN id ADD GENERATED BY DEFAULT AS IDENTITY (
    SEQUENCE NAME public.auth_permission_id_seq
    START WITH 1
    INCREMENT BY 1
    NO MINVALUE
    NO MAXVALUE
    CACHE 1
);


--
-- Name: authtoken_token; Type: TABLE; Schema: public; Owner: postgres
--

CREATE TABLE public.authtoken_token (
    key character varying(40) NOT NULL,
    created timestamp with time zone NOT NULL,
    user_id bigint NOT NULL
);


ALTER TABLE public.authtoken_token OWNER TO postgres;

--
-- Name: movie_country; Type: TABLE; Schema: public; Owner: postgres
--

CREATE TABLE public.movie_country (
    id bigint NOT NULL,
    created timestamp with time zone NOT NULL,
    updated timestamp with time zone NOT NULL,
    title character varying(100) NOT NULL
);


ALTER TABLE public.movie_country OWNER TO postgres;

--
-- Name: cinema_country_id_seq; Type: SEQUENCE; Schema: public; Owner: postgres
--

ALTER TABLE public.movie_country ALTER COLUMN id ADD GENERATED BY DEFAULT AS IDENTITY (
    SEQUENCE NAME public.cinema_country_id_seq
    START WITH 1
    INCREMENT BY 1
    NO MINVALUE
    NO MAXVALUE
    CACHE 1
);


--
-- Name: movie_genre; Type: TABLE; Schema: public; Owner: postgres
--

CREATE TABLE public.movie_genre (
    id bigint NOT NULL,
    created timestamp with time zone NOT NULL,
    updated timestamp with time zone NOT NULL,
    title character varying(100) NOT NULL
);


ALTER TABLE public.movie_genre OWNER TO postgres;

--
-- Name: cinema_genre_id_seq; Type: SEQUENCE; Schema: public; Owner: postgres
--

ALTER TABLE public.movie_genre ALTER COLUMN id ADD GENERATED BY DEFAULT AS IDENTITY (
    SEQUENCE NAME public.cinema_genre_id_seq
    START WITH 1
    INCREMENT BY 1
    NO MINVALUE
    NO MAXVALUE
    CACHE 1
);


--
-- Name: movie_movie_countries; Type: TABLE; Schema: public; Owner: postgres
--

CREATE TABLE public.movie_movie_countries (
    id bigint NOT NULL,
    movie_id bigint NOT NULL,
    country_id bigint NOT NULL
);


ALTER TABLE public.movie_movie_countries OWNER TO postgres;

--
-- Name: cinema_movie_countries_id_seq; Type: SEQUENCE; Schema: public; Owner: postgres
--

ALTER TABLE public.movie_movie_countries ALTER COLUMN id ADD GENERATED BY DEFAULT AS IDENTITY (
    SEQUENCE NAME public.cinema_movie_countries_id_seq
    START WITH 1
    INCREMENT BY 1
    NO MINVALUE
    NO MAXVALUE
    CACHE 1
);


--
-- Name: movie_movie_genre; Type: TABLE; Schema: public; Owner: postgres
--

CREATE TABLE public.movie_movie_genre (
    id bigint NOT NULL,
    movie_id bigint NOT NULL,
    genre_id bigint NOT NULL
);


ALTER TABLE public.movie_movie_genre OWNER TO postgres;

--
-- Name: cinema_movie_genre_id_seq; Type: SEQUENCE; Schema: public; Owner: postgres
--

ALTER TABLE public.movie_movie_genre ALTER COLUMN id ADD GENERATED BY DEFAULT AS IDENTITY (
    SEQUENCE NAME public.cinema_movie_genre_id_seq
    START WITH 1
    INCREMENT BY 1
    NO MINVALUE
    NO MAXVALUE
    CACHE 1
);


--
-- Name: movie_movie; Type: TABLE; Schema: public; Owner: postgres
--

CREATE TABLE public.movie_movie (
    id bigint NOT NULL,
    created timestamp with time zone NOT NULL,
    updated timestamp with time zone NOT NULL,
    title character varying(100) NOT NULL,
    plot text NOT NULL,
    rating double precision NOT NULL,
    release_year integer NOT NULL,
    duration integer NOT NULL,
    status character varying(100) NOT NULL,
    poster_path character varying(1000) NOT NULL,
    poster_image character varying(100)
);


ALTER TABLE public.movie_movie OWNER TO postgres;

--
-- Name: cinema_movie_id_seq; Type: SEQUENCE; Schema: public; Owner: postgres
--

ALTER TABLE public.movie_movie ALTER COLUMN id ADD GENERATED BY DEFAULT AS IDENTITY (
    SEQUENCE NAME public.cinema_movie_id_seq
    START WITH 1
    INCREMENT BY 1
    NO MINVALUE
    NO MAXVALUE
    CACHE 1
);


--
-- Name: movie_movie_seasons; Type: TABLE; Schema: public; Owner: postgres
--

CREATE TABLE public.movie_movie_seasons (
    id bigint NOT NULL,
    movie_id bigint NOT NULL,
    season_id bigint NOT NULL
);


ALTER TABLE public.movie_movie_seasons OWNER TO postgres;

--
-- Name: cinema_movie_seasons_id_seq; Type: SEQUENCE; Schema: public; Owner: postgres
--

ALTER TABLE public.movie_movie_seasons ALTER COLUMN id ADD GENERATED BY DEFAULT AS IDENTITY (
    SEQUENCE NAME public.cinema_movie_seasons_id_seq
    START WITH 1
    INCREMENT BY 1
    NO MINVALUE
    NO MAXVALUE
    CACHE 1
);


--
-- Name: movie_season; Type: TABLE; Schema: public; Owner: postgres
--

CREATE TABLE public.movie_season (
    id bigint NOT NULL,
    created timestamp with time zone NOT NULL,
    updated timestamp with time zone NOT NULL,
    title character varying(100) NOT NULL,
    season_number integer NOT NULL
);


ALTER TABLE public.movie_season OWNER TO postgres;

--
-- Name: cinema_season_id_seq; Type: SEQUENCE; Schema: public; Owner: postgres
--

ALTER TABLE public.movie_season ALTER COLUMN id ADD GENERATED BY DEFAULT AS IDENTITY (
    SEQUENCE NAME public.cinema_season_id_seq
    START WITH 1
    INCREMENT BY 1
    NO MINVALUE
    NO MAXVALUE
    CACHE 1
);


--
-- Name: movie_season_series; Type: TABLE; Schema: public; Owner: postgres
--

CREATE TABLE public.movie_season_series (
    id bigint NOT NULL,
    season_id bigint NOT NULL,
    series_id bigint NOT NULL
);


ALTER TABLE public.movie_season_series OWNER TO postgres;

--
-- Name: cinema_season_series_id_seq; Type: SEQUENCE; Schema: public; Owner: postgres
--

ALTER TABLE public.movie_season_series ALTER COLUMN id ADD GENERATED BY DEFAULT AS IDENTITY (
    SEQUENCE NAME public.cinema_season_series_id_seq
    START WITH 1
    INCREMENT BY 1
    NO MINVALUE
    NO MAXVALUE
    CACHE 1
);


--
-- Name: movie_series; Type: TABLE; Schema: public; Owner: postgres
--

CREATE TABLE public.movie_series (
    id bigint NOT NULL,
    created timestamp with time zone NOT NULL,
    updated timestamp with time zone NOT NULL,
    title character varying(100) NOT NULL,
    series_number integer NOT NULL,
    description text NOT NULL,
    dash_path character varying(1000) NOT NULL,
    hls_path character varying(1000) NOT NULL,
    ru_subt_path character varying(1000) NOT NULL,
    en_subt_path character varying(1000) NOT NULL,
    subt_path jsonb NOT NULL
);


ALTER TABLE public.movie_series OWNER TO postgres;

--
-- Name: cinema_series_id_seq; Type: SEQUENCE; Schema: public; Owner: postgres
--

ALTER TABLE public.movie_series ALTER COLUMN id ADD GENERATED BY DEFAULT AS IDENTITY (
    SEQUENCE NAME public.cinema_series_id_seq
    START WITH 1
    INCREMENT BY 1
    NO MINVALUE
    NO MAXVALUE
    CACHE 1
);


--
-- Name: django_admin_log; Type: TABLE; Schema: public; Owner: postgres
--

CREATE TABLE public.django_admin_log (
    id integer NOT NULL,
    action_time timestamp with time zone NOT NULL,
    object_id text,
    object_repr character varying(200) NOT NULL,
    action_flag smallint NOT NULL,
    change_message text NOT NULL,
    content_type_id integer,
    user_id bigint NOT NULL,
    CONSTRAINT django_admin_log_action_flag_check CHECK ((action_flag >= 0))
);


ALTER TABLE public.django_admin_log OWNER TO postgres;

--
-- Name: django_admin_log_id_seq; Type: SEQUENCE; Schema: public; Owner: postgres
--

ALTER TABLE public.django_admin_log ALTER COLUMN id ADD GENERATED BY DEFAULT AS IDENTITY (
    SEQUENCE NAME public.django_admin_log_id_seq
    START WITH 1
    INCREMENT BY 1
    NO MINVALUE
    NO MAXVALUE
    CACHE 1
);


--
-- Name: django_content_type; Type: TABLE; Schema: public; Owner: postgres
--

CREATE TABLE public.django_content_type (
    id integer NOT NULL,
    app_label character varying(100) NOT NULL,
    model character varying(100) NOT NULL
);


ALTER TABLE public.django_content_type OWNER TO postgres;

--
-- Name: django_content_type_id_seq; Type: SEQUENCE; Schema: public; Owner: postgres
--

ALTER TABLE public.django_content_type ALTER COLUMN id ADD GENERATED BY DEFAULT AS IDENTITY (
    SEQUENCE NAME public.django_content_type_id_seq
    START WITH 1
    INCREMENT BY 1
    NO MINVALUE
    NO MAXVALUE
    CACHE 1
);


--
-- Name: django_migrations; Type: TABLE; Schema: public; Owner: postgres
--

CREATE TABLE public.django_migrations (
    id bigint NOT NULL,
    app character varying(255) NOT NULL,
    name character varying(255) NOT NULL,
    applied timestamp with time zone NOT NULL
);


ALTER TABLE public.django_migrations OWNER TO postgres;

--
-- Name: django_migrations_id_seq; Type: SEQUENCE; Schema: public; Owner: postgres
--

ALTER TABLE public.django_migrations ALTER COLUMN id ADD GENERATED BY DEFAULT AS IDENTITY (
    SEQUENCE NAME public.django_migrations_id_seq
    START WITH 1
    INCREMENT BY 1
    NO MINVALUE
    NO MAXVALUE
    CACHE 1
);


--
-- Name: django_session; Type: TABLE; Schema: public; Owner: postgres
--

CREATE TABLE public.django_session (
    session_key character varying(40) NOT NULL,
    session_data text NOT NULL,
    expire_date timestamp with time zone NOT NULL
);


ALTER TABLE public.django_session OWNER TO postgres;

--
-- Name: user_user; Type: TABLE; Schema: public; Owner: postgres
--

CREATE TABLE public.user_user (
    id bigint NOT NULL,
    password character varying(128) NOT NULL,
    last_login timestamp with time zone,
    is_superuser boolean NOT NULL,
    username character varying(150) NOT NULL,
    first_name character varying(150) NOT NULL,
    last_name character varying(150) NOT NULL,
    email character varying(254) NOT NULL,
    is_staff boolean NOT NULL,
    is_active boolean NOT NULL,
    date_joined timestamp with time zone NOT NULL,
    phone character varying(128),
    age integer,
    image character varying(100),
    CONSTRAINT user_user_age_check CHECK ((age >= 0))
);


ALTER TABLE public.user_user OWNER TO postgres;

--
-- Name: user_user_groups; Type: TABLE; Schema: public; Owner: postgres
--

CREATE TABLE public.user_user_groups (
    id bigint NOT NULL,
    user_id bigint NOT NULL,
    group_id integer NOT NULL
);


ALTER TABLE public.user_user_groups OWNER TO postgres;

--
-- Name: user_user_groups_id_seq; Type: SEQUENCE; Schema: public; Owner: postgres
--

ALTER TABLE public.user_user_groups ALTER COLUMN id ADD GENERATED BY DEFAULT AS IDENTITY (
    SEQUENCE NAME public.user_user_groups_id_seq
    START WITH 1
    INCREMENT BY 1
    NO MINVALUE
    NO MAXVALUE
    CACHE 1
);


--
-- Name: user_user_id_seq; Type: SEQUENCE; Schema: public; Owner: postgres
--

ALTER TABLE public.user_user ALTER COLUMN id ADD GENERATED BY DEFAULT AS IDENTITY (
    SEQUENCE NAME public.user_user_id_seq
    START WITH 1
    INCREMENT BY 1
    NO MINVALUE
    NO MAXVALUE
    CACHE 1
);


--
-- Name: user_user_user_permissions; Type: TABLE; Schema: public; Owner: postgres
--

CREATE TABLE public.user_user_user_permissions (
    id bigint NOT NULL,
    user_id bigint NOT NULL,
    permission_id integer NOT NULL
);


ALTER TABLE public.user_user_user_permissions OWNER TO postgres;

--
-- Name: user_user_user_permissions_id_seq; Type: SEQUENCE; Schema: public; Owner: postgres
--

ALTER TABLE public.user_user_user_permissions ALTER COLUMN id ADD GENERATED BY DEFAULT AS IDENTITY (
    SEQUENCE NAME public.user_user_user_permissions_id_seq
    START WITH 1
    INCREMENT BY 1
    NO MINVALUE
    NO MAXVALUE
    CACHE 1
);


--
-- Data for Name: auth_group; Type: TABLE DATA; Schema: public; Owner: postgres
--

COPY public.auth_group (id, name) FROM stdin;
\.


--
-- Data for Name: auth_group_permissions; Type: TABLE DATA; Schema: public; Owner: postgres
--

COPY public.auth_group_permissions (id, group_id, permission_id) FROM stdin;
\.


--
-- Data for Name: auth_permission; Type: TABLE DATA; Schema: public; Owner: postgres
--

COPY public.auth_permission (id, name, content_type_id, codename) FROM stdin;
1	Can add permission	2	add_permission
2	Can change permission	2	change_permission
3	Can delete permission	2	delete_permission
4	Can view permission	2	view_permission
5	Can add group	3	add_group
6	Can change group	3	change_group
7	Can delete group	3	delete_group
8	Can view group	3	view_group
9	Can add content type	5	add_contenttype
10	Can change content type	5	change_contenttype
11	Can delete content type	5	delete_contenttype
12	Can view content type	5	view_contenttype
13	Can add session	6	add_session
14	Can change session	6	change_session
15	Can delete session	6	delete_session
16	Can view session	6	view_session
17	Can add country	12	add_country
18	Can change country	12	change_country
19	Can delete country	12	delete_country
20	Can view country	12	view_country
21	Can add genre	13	add_genre
22	Can change genre	13	change_genre
23	Can delete genre	13	delete_genre
24	Can view genre	13	view_genre
25	Can add Сезон	14	add_season
26	Can change Сезон	14	change_season
27	Can delete Сезон	14	delete_season
28	Can view Сезон	14	view_season
29	Can add Серия	15	add_series
30	Can change Серия	15	change_series
31	Can delete Серия	15	delete_series
32	Can view Серия	15	view_series
33	Can add Фильм	16	add_movie
34	Can change Фильм	16	change_movie
35	Can delete Фильм	16	delete_movie
36	Can view Фильм	16	view_movie
37	Can add Пользователь	17	add_user
38	Can change Пользователь	17	change_user
39	Can delete Пользователь	17	delete_user
40	Can view Пользователь	17	view_user
41	Can add log entry	1	add_logentry
42	Can change log entry	1	change_logentry
43	Can delete log entry	1	delete_logentry
44	Can view log entry	1	view_logentry
45	Can add Token	18	add_token
46	Can change Token	18	change_token
47	Can delete Token	18	delete_token
48	Can view Token	18	view_token
49	Can add Token	19	add_tokenproxy
50	Can change Token	19	change_tokenproxy
51	Can delete Token	19	delete_tokenproxy
52	Can view Token	19	view_tokenproxy
\.


--
-- Data for Name: authtoken_token; Type: TABLE DATA; Schema: public; Owner: postgres
--

COPY public.authtoken_token (key, created, user_id) FROM stdin;
\.


--
-- Data for Name: django_admin_log; Type: TABLE DATA; Schema: public; Owner: postgres
--

COPY public.django_admin_log (id, action_time, object_id, object_repr, action_flag, change_message, content_type_id, user_id) FROM stdin;
\.


--
-- Data for Name: django_content_type; Type: TABLE DATA; Schema: public; Owner: postgres
--

COPY public.django_content_type (id, app_label, model) FROM stdin;
1	admin	logentry
2	auth	permission
3	auth	group
4	auth	user
5	contenttypes	contenttype
6	sessions	session
7	cinema	country
8	cinema	genre
9	cinema	season
10	cinema	series
11	cinema	movie
12	movie	country
13	movie	genre
14	movie	season
15	movie	series
16	movie	movie
17	user	user
18	authtoken	token
19	authtoken	tokenproxy
\.


--
-- Data for Name: django_migrations; Type: TABLE DATA; Schema: public; Owner: postgres
--

COPY public.django_migrations (id, app, name, applied) FROM stdin;
1	contenttypes	0001_initial	2024-04-23 08:24:20.283957+00
6	contenttypes	0002_remove_content_type_name	2024-04-23 08:24:20.681359+00
19	sessions	0001_initial	2024-04-23 08:24:21.002973+00
18	movie	0001_initial	2024-04-23 08:24:20.972565+00
54	auth	0001_initial	2024-05-31 05:43:47.29832+00
55	auth	0002_alter_permission_name_max_length	2024-05-31 05:43:47.310288+00
56	auth	0003_alter_user_email_max_length	2024-05-31 05:43:47.317435+00
57	auth	0004_alter_user_username_opts	2024-05-31 05:43:47.326376+00
58	auth	0005_alter_user_last_login_null	2024-05-31 05:43:47.335062+00
59	auth	0006_require_contenttypes_0002	2024-05-31 05:43:47.340616+00
60	auth	0007_alter_validators_add_error_messages	2024-05-31 05:43:47.348446+00
61	auth	0008_alter_user_username_max_length	2024-05-31 05:43:47.356181+00
62	auth	0009_alter_user_last_name_max_length	2024-05-31 05:43:47.365487+00
63	auth	0010_alter_group_name_max_length	2024-05-31 05:43:47.377343+00
64	auth	0011_update_proxy_permissions	2024-05-31 05:43:47.387847+00
65	auth	0012_alter_user_first_name_max_length	2024-05-31 05:43:47.397648+00
66	user	0001_initial	2024-05-31 05:43:57.077277+00
69	admin	0001_initial	2024-05-31 05:57:20.20378+00
70	admin	0002_logentry_remove_auto_add	2024-05-31 05:57:20.213419+00
71	admin	0003_logentry_add_action_flag_choices	2024-05-31 05:57:20.224381+00
72	authtoken	0001_initial	2024-05-31 05:57:20.264264+00
73	authtoken	0002_auto_20160226_1747	2024-05-31 05:57:20.285553+00
74	authtoken	0003_tokenproxy	2024-05-31 05:57:20.29292+00
75	authtoken	0004_alter_tokenproxy_options	2024-05-31 05:57:20.300316+00
\.


--
-- Data for Name: django_session; Type: TABLE DATA; Schema: public; Owner: postgres
--

COPY public.django_session (session_key, session_data, expire_date) FROM stdin;
65g90odsf13gl8xodz22tzywk8udc67i	.eJxVjEsOwiAUAO_C2hA-Dwou3fcM5PGgUjWQlHZlvLsh6UK3M5N5s4DHXsLR8xbWxK7Ms8svi0jPXIdID6z3xqnVfVsjHwk_bedzS_l1O9u_QcFexjZnLYSKzislMKK1ZrKeEjkjI5Dx6CadhE2orQElFyUAIS6CSAIozT5f0tw3Mg:1sA0zd:3b_54ouNhgmw8o3AmexWOALmie1gnb41BJbwXwuIszo	2024-06-06 05:27:57.083477+00
zcaf4ij9k284p7vdmmj8qp5yxcgo35yj	.eJxVjEEOwiAQRe_C2hCgFGZcuu8ZCDNQqRqalHZlvLsh6UK3_7333yLEYy_haHkLSxJXocXld6PIz1w7SI9Y76vkte7bQrIr8qRNTmvKr9vp_h2U2EqvmYaRDaWoHAOgBedGZjWjVqSttWQG9AwaEynIbCx4hR5dnIkNgPh8AeHEN4I:1sA11U:S1lrEqZc-lrK7TBQdNE27kdDxWm-HzzbgI58726FAF0	2024-06-06 05:29:52.640732+00
ysoiy63yjcjsxkkz977vfhkr8lb0h3av	.eJxVjEsOwiAUAO_C2hA-Dwou3fcM5PGgUjWQlHZlvLsh6UK3M5N5s4DHXsLR8xbWxK7Ms8svi0jPXIdID6z3xqnVfVsjHwk_bedzS_l1O9u_QcFexjZnLYSKzislMKK1ZrKeEjkjI5Dx6CadhE2orQElFyUAIS6CSAIozT5f0tw3Mg:1sA1Ls:oVOwx0RJrEGMSjLgfWH2xEbaiDXS5RJZoKei4EzV8Dc	2024-06-06 05:50:56.70623+00
vtzps80st7t8eo86nvzx9724p33jdcvz	.eJxVjEsOwiAUAO_C2hA-Dwou3fcM5PGgUjWQlHZlvLsh6UK3M5N5s4DHXsLR8xbWxK7Ms8svi0jPXIdID6z3xqnVfVsjHwk_bedzS_l1O9u_QcFexjZnLYSKzislMKK1ZrKeEjkjI5Dx6CadhE2orQElFyUAIS6CSAIozT5f0tw3Mg:1sA6Cz:udoWNMibSBt-q-5-z3SF_ifIFBdASRsxqf94_gBpiyc	2024-06-06 11:02:05.183433+00
7ydkrzh930duy0b0dud8s6jcj5jujwjy	.eJxVjEsOwiAUAO_C2hA-Dwou3fcM5PGgUjWQlHZlvLsh6UK3M5N5s4DHXsLR8xbWxK7Ms8svi0jPXIdID6z3xqnVfVsjHwk_bedzS_l1O9u_QcFexjZnLYSKzislMKK1ZrKeEjkjI5Dx6CadhE2orQElFyUAIS6CSAIozT5f0tw3Mg:1sA6Lu:xGdO_CUXfvdk2yZVLtVCgYT9_2eEWUOxcIH-gfkxJvA	2024-06-06 11:11:18.531836+00
vmuwlybk5pgepbpcn3wgl1n03denrqyd	e30:1sA6Lv:qRYYFz0AxUICUA8CkmTeITKbPNMUXjx5Z2v-8Uxxlgo	2024-06-06 11:11:19.510205+00
qstta4l8c0bf4km7vp53epw9mii8hio3	.eJxVjEsOwiAUAO_C2hA-Dwou3fcM5PGgUjWQlHZlvLsh6UK3M5N5s4DHXsLR8xbWxK7Ms8svi0jPXIdID6z3xqnVfVsjHwk_bedzS_l1O9u_QcFexjZnLYSKzislMKK1ZrKeEjkjI5Dx6CadhE2orQElFyUAIS6CSAIozT5f0tw3Mg:1sA7G6:b88T7S9ga9vVYvaviPTKTw0Y73xzq8D3UX9Kc-Pi7NE	2024-06-06 12:09:22.136776+00
47hjhsab2jq5ztfpnlvjpl84a0p0p0s0	.eJxVjEsOwiAUAO_C2hA-Dwou3fcM5PGgUjWQlHZlvLsh6UK3M5N5s4DHXsLR8xbWxK7Ms8svi0jPXIdID6z3xqnVfVsjHwk_bedzS_l1O9u_QcFexjZnLYSKzislMKK1ZrKeEjkjI5Dx6CadhE2orQElFyUAIS6CSAIozT5f0tw3Mg:1sAJhG:3G3GDMUIgrD8CyKqdZOtGqjYU_21Liq760y_iFqbJn4	2024-06-07 01:26:14.56766+00
2s749zimi5pbosydjdczdf5w4bsgqegh	.eJxVjEsOwiAUAO_C2hA-Dwou3fcM5PGgUjWQlHZlvLsh6UK3M5N5s4DHXsLR8xbWxK7Ms8svi0jPXIdID6z3xqnVfVsjHwk_bedzS_l1O9u_QcFexjZnLYSKzislMKK1ZrKeEjkjI5Dx6CadhE2orQElFyUAIS6CSAIozT5f0tw3Mg:1sAJuB:fcr2uSCxGCCOCJyGn6uGdShKgQ0zxBijrD0D91W41HU	2024-06-07 01:39:35.225585+00
81uyls0cs3d0gd6o166zapmdmjtagaf6	.eJxVjEsOwiAUAO_C2hA-Dwou3fcM5PGgUjWQlHZlvLsh6UK3M5N5s4DHXsLR8xbWxK7Ms8svi0jPXIdID6z3xqnVfVsjHwk_bedzS_l1O9u_QcFexjZnLYSKzislMKK1ZrKeEjkjI5Dx6CadhE2orQElFyUAIS6CSAIozT5f0tw3Mg:1sAWw6:R5xGDynz4XVxm2ejJA8FHVWvVfYPT8u0HwGC0nGOOlw	2024-06-07 15:34:26.992666+00
c7uk7alt4x8uzwvm87cexunzk0po6gmi	.eJxVjEsOwiAUAO_C2hA-Dwou3fcM5PGgUjWQlHZlvLsh6UK3M5N5s4DHXsLR8xbWxK7Ms8svi0jPXIdID6z3xqnVfVsjHwk_bedzS_l1O9u_QcFexjZnLYSKzislMKK1ZrKeEjkjI5Dx6CadhE2orQElFyUAIS6CSAIozT5f0tw3Mg:1sAYGL:KX5Bns5IfmgcC2SXSavVHiyKOQTDBUmj5tjMEk9LxKE	2024-06-07 16:59:25.812767+00
iqa7d55gxfye6silgbe8n8gvc9xmz23l	.eJxVjEsOwiAUAO_C2hA-Dwou3fcM5PGgUjWQlHZlvLsh6UK3M5N5s4DHXsLR8xbWxK7Ms8svi0jPXIdID6z3xqnVfVsjHwk_bedzS_l1O9u_QcFexjZnLYSKzislMKK1ZrKeEjkjI5Dx6CadhE2orQElFyUAIS6CSAIozT5f0tw3Mg:1sAYGn:_qvhTEy9ar1r1knESs590l_Y0wbVvrBVOq2_D41bvtg	2024-06-07 16:59:53.035776+00
qwrpq8sr74pmnkx53keyehhhw9lbjjh4	.eJxVjEsOwiAUAO_C2hA-Dwou3fcM5PGgUjWQlHZlvLsh6UK3M5N5s4DHXsLR8xbWxK7Ms8svi0jPXIdID6z3xqnVfVsjHwk_bedzS_l1O9u_QcFexjZnLYSKzislMKK1ZrKeEjkjI5Dx6CadhE2orQElFyUAIS6CSAIozT5f0tw3Mg:1sAYMm:mjvM3i7hqRuv-0mq470TPxPgmFVgr5iHDRGkyygyazQ	2024-06-07 17:06:04.902114+00
fcauntv1gvzmbqysxhh513fyjmm9hvnh	.eJxVjEsOwiAUAO_C2hA-Dwou3fcM5PGgUjWQlHZlvLsh6UK3M5N5s4DHXsLR8xbWxK7Ms8svi0jPXIdID6z3xqnVfVsjHwk_bedzS_l1O9u_QcFexjZnLYSKzislMKK1ZrKeEjkjI5Dx6CadhE2orQElFyUAIS6CSAIozT5f0tw3Mg:1sAYNu:voQU8Vn5xX0-GtI6fjzy5rKASATktMdW1pb57eaoV4k	2024-06-07 17:07:14.591889+00
46d6nkd87brqqmryr6uamd8s6axra05a	.eJxVjEsOwiAUAO_C2hA-Dwou3fcM5PGgUjWQlHZlvLsh6UK3M5N5s4DHXsLR8xbWxK7Ms8svi0jPXIdID6z3xqnVfVsjHwk_bedzS_l1O9u_QcFexjZnLYSKzislMKK1ZrKeEjkjI5Dx6CadhE2orQElFyUAIS6CSAIozT5f0tw3Mg:1sAYPu:FPZOjUTLRhmsTd5AEtjmfXVi5q4uH9GahgPeHgys_SE	2024-06-07 17:09:18.542668+00
g989bqydkboi2jlm13x7m3v5chp0ipxy	.eJxVjEsOwiAUAO_C2hA-Dwou3fcM5PGgUjWQlHZlvLsh6UK3M5N5s4DHXsLR8xbWxK7Ms8svi0jPXIdID6z3xqnVfVsjHwk_bedzS_l1O9u_QcFexjZnLYSKzislMKK1ZrKeEjkjI5Dx6CadhE2orQElFyUAIS6CSAIozT5f0tw3Mg:1sAYR5:KEBeWC-SzjXgimPSdHgcO4xSbrhncLgzE3VR1sK-bKQ	2024-06-07 17:10:31.673619+00
z3rlih1wsd45b3fcx6nt3b8st01gf72e	.eJxVjEsOwiAUAO_C2hA-Dwou3fcM5PGgUjWQlHZlvLsh6UK3M5N5s4DHXsLR8xbWxK7Ms8svi0jPXIdID6z3xqnVfVsjHwk_bedzS_l1O9u_QcFexjZnLYSKzislMKK1ZrKeEjkjI5Dx6CadhE2orQElFyUAIS6CSAIozT5f0tw3Mg:1sAYSs:ej9Z9B6Hfm6jAMdT_PjW3zFEfM8al9keyzEujdtRkqs	2024-06-07 17:12:22.854047+00
50zoqqkk91ydtmw11wbisk6ztb4c7izd	.eJxVjEsOwiAUAO_C2hA-Dwou3fcM5PGgUjWQlHZlvLsh6UK3M5N5s4DHXsLR8xbWxK7Ms8svi0jPXIdID6z3xqnVfVsjHwk_bedzS_l1O9u_QcFexjZnLYSKzislMKK1ZrKeEjkjI5Dx6CadhE2orQElFyUAIS6CSAIozT5f0tw3Mg:1sAYaz:V5sextpwwT5HIycimIUNC714Bu6iBOgPkTfevMuSERE	2024-06-07 17:20:45.927345+00
46k6rfy51zk5fmduz3flsesiu7b3ca0n	.eJxVjEsOwiAUAO_C2hA-Dwou3fcM5PGgUjWQlHZlvLsh6UK3M5N5s4DHXsLR8xbWxK7Ms8svi0jPXIdID6z3xqnVfVsjHwk_bedzS_l1O9u_QcFexjZnLYSKzislMKK1ZrKeEjkjI5Dx6CadhE2orQElFyUAIS6CSAIozT5f0tw3Mg:1sAZs8:9uCbFnURtYx1yjDO32jrRXB67CO1_3LmEmjvzYvM2NY	2024-06-07 18:42:32.112159+00
e1oz521sqvghnrv2g0e3z7ppjzj1szfm	.eJxVjEsOwiAUAO_C2hA-Dwou3fcM5PGgUjWQlHZlvLsh6UK3M5N5s4DHXsLR8xbWxK7Ms8svi0jPXIdID6z3xqnVfVsjHwk_bedzS_l1O9u_QcFexjZnLYSKzislMKK1ZrKeEjkjI5Dx6CadhE2orQElFyUAIS6CSAIozT5f0tw3Mg:1sAoyL:A3YlwCTYgf4aQ74XQaVQmWb2usrJ-lp4utudbC3oqqU	2024-06-08 10:49:57.061345+00
i90vz3wajmyt789awtil2j3oz85dybpc	.eJxVjEsOwiAUAO_C2hA-Dwou3fcM5PGgUjWQlHZlvLsh6UK3M5N5s4DHXsLR8xbWxK7Ms8svi0jPXIdID6z3xqnVfVsjHwk_bedzS_l1O9u_QcFexjZnLYSKzislMKK1ZrKeEjkjI5Dx6CadhE2orQElFyUAIS6CSAIozT5f0tw3Mg:1sAoyL:A3YlwCTYgf4aQ74XQaVQmWb2usrJ-lp4utudbC3oqqU	2024-06-08 10:49:57.60863+00
38fn0e130reo476xava54bz4dm8wrb5h	.eJxVjEsOwiAUAO_C2hA-Dwou3fcM5PGgUjWQlHZlvLsh6UK3M5N5s4DHXsLR8xbWxK7Ms8svi0jPXIdID6z3xqnVfVsjHwk_bedzS_l1O9u_QcFexjZnLYSKzislMKK1ZrKeEjkjI5Dx6CadhE2orQElFyUAIS6CSAIozT5f0tw3Mg:1sBXU1:ewbgH2dGM-_prW4IVTQhCjNGPQdNdx6WXuzBD1mXMDo	2024-06-10 10:21:37.857899+00
f7xfl80yfai80xz0iqb70l4yc5x0vkbw	.eJxVjEsOwiAUAO_C2hA-Dwou3fcM5PGgUjWQlHZlvLsh6UK3M5N5s4DHXsLR8xbWxK7Ms8svi0jPXIdID6z3xqnVfVsjHwk_bedzS_l1O9u_QcFexjZnLYSKzislMKK1ZrKeEjkjI5Dx6CadhE2orQElFyUAIS6CSAIozT5f0tw3Mg:1sBXU2:crsW7TDmPdn6m8rvhE2KcnzA_bTwu9tMWoGi5W2S5n4	2024-06-10 10:21:38.641468+00
xi19ou9mcbv9vrsexivqbykn1432c287	.eJxVjEsOwiAUAO_C2hA-Dwou3fcM5PGgUjWQlHZlvLsh6UK3M5N5s4DHXsLR8xbWxK7Ms8svi0jPXIdID6z3xqnVfVsjHwk_bedzS_l1O9u_QcFexjZnLYSKzislMKK1ZrKeEjkjI5Dx6CadhE2orQElFyUAIS6CSAIozT5f0tw3Mg:1sBbHk:1c1a1TN9pyXO8v9wrP7tJPD8qkdDVcpHcCF0IKKdbSk	2024-06-10 14:25:12.206486+00
s8lw0fntyowz19i5gopciaiqj9nlcfpt	.eJxVjEsOwiAUAO_C2hA-Dwou3fcM5PGgUjWQlHZlvLsh6UK3M5N5s4DHXsLR8xbWxK7Ms8svi0jPXIdID6z3xqnVfVsjHwk_bedzS_l1O9u_QcFexjZnLYSKzislMKK1ZrKeEjkjI5Dx6CadhE2orQElFyUAIS6CSAIozT5f0tw3Mg:1sBbHk:1c1a1TN9pyXO8v9wrP7tJPD8qkdDVcpHcCF0IKKdbSk	2024-06-10 14:25:12.956842+00
cze6714bx59t2a8cwm7r2cpsl16pp7rh	.eJxVjEsOwiAUAO_C2hA-Dwou3fcM5PGgUjWQlHZlvLsh6UK3M5N5s4DHXsLR8xbWxK7Ms8svi0jPXIdID6z3xqnVfVsjHwk_bedzS_l1O9u_QcFexjZnLYSKzislMKK1ZrKeEjkjI5Dx6CadhE2orQElFyUAIS6CSAIozT5f0tw3Mg:1sBfIm:943f75nwbaNet1IBp2du-1VALzg421HZlDZYKOsytUw	2024-06-10 18:42:32.065491+00
sqapli9a2shtzl18jmrm0v8g29fpg0ot	.eJxVjEsOwiAUAO_C2hA-Dwou3fcM5PGgUjWQlHZlvLsh6UK3M5N5s4DHXsLR8xbWxK7Ms8svi0jPXIdID6z3xqnVfVsjHwk_bedzS_l1O9u_QcFexjZnLYSKzislMKK1ZrKeEjkjI5Dx6CadhE2orQElFyUAIS6CSAIozT5f0tw3Mg:1sBnmn:dawNKc02wIho3D-ynit1SKSc-jkdJveMfzHrzM8lZ0Y	2024-06-11 03:46:05.652915+00
svfl3e2cr6rd1am0y0wdu4v4h060jnoy	.eJxVjMsOwiAQAP-FsyGwPLr16N1vIMuCUjWQlPZk_HdD0oNeZybzFoH2rYS95zUsSZyFBnH6hZH4mesw6UH13iS3uq1LlCORh-3y2lJ-XY72b1Col_ElrRxFtDQZdUOfvAHt3exw8ujZEiiObEEp1piUNRCBLbsZwZBmEJ8v1-k2wg:1sByNS:fuvECC3-Hq0yOJ859Hs5ozSSgEprCayy_e8ALHHKLY8	2024-06-11 15:04:38.723184+00
960u6ngiy39ip68jjybu5a0a6gkzjmss	.eJxVjEsOwiAUAO_C2hA-Dwou3fcM5PGgUjWQlHZlvLsh6UK3M5N5s4DHXsLR8xbWxK7Ms8svi0jPXIdID6z3xqnVfVsjHwk_bedzS_l1O9u_QcFexjZnLYSKzislMKK1ZrKeEjkjI5Dx6CadhE2orQElFyUAIS6CSAIozT5f0tw3Mg:1sBpgn:Oyj-Kox1qHLPP2UkhOCYAiyAxYq0iwzLt5a8tpoYcRA	2024-06-11 05:48:01.510313+00
nxut72lprumsn7v9vsc7ttn5pbpxg3xb	.eJxVjEsOwiAUAO_C2hA-Dwou3fcM5PGgUjWQlHZlvLsh6UK3M5N5s4DHXsLR8xbWxK7Ms8svi0jPXIdID6z3xqnVfVsjHwk_bedzS_l1O9u_QcFexjZnLYSKzislMKK1ZrKeEjkjI5Dx6CadhE2orQElFyUAIS6CSAIozT5f0tw3Mg:1sBpgo:9YdZJ-h1bzBNRHWLeaLL15BhaA0VolQJ91ZDELBTWig	2024-06-11 05:48:02.249526+00
i8objzbgsubgexpy334x7m9p3y3uvsap	.eJxVjEsOwiAUAO_C2hA-Dwou3fcM5PGgUjWQlHZlvLsh6UK3M5N5s4DHXsLR8xbWxK7Ms8svi0jPXIdID6z3xqnVfVsjHwk_bedzS_l1O9u_QcFexjZnLYSKzislMKK1ZrKeEjkjI5Dx6CadhE2orQElFyUAIS6CSAIozT5f0tw3Mg:1sBpoJ:IWluKUxVCDTvxHKKvNfkZQGPE8uzhyjXoQAlorrPAAo	2024-06-11 05:55:47.740443+00
cctsoa5abv18o8qj2d4k9eqdvsbd9cx6	.eJxVjEsOwiAUAO_C2hA-Dwou3fcM5PGgUjWQlHZlvLsh6UK3M5N5s4DHXsLR8xbWxK7Ms8svi0jPXIdID6z3xqnVfVsjHwk_bedzS_l1O9u_QcFexjZnLYSKzislMKK1ZrKeEjkjI5Dx6CadhE2orQElFyUAIS6CSAIozT5f0tw3Mg:1sBrwd:EQhok86Ow4qfVd72BxjanbDkm7Av3Yn5UCx1wrjk_AM	2024-06-11 08:12:31.325067+00
xikskmqq0mz47rsuhgpeb8hqpl6vn2yp	.eJxVjEsOwiAUAO_C2hA-Dwou3fcM5PGgUjWQlHZlvLsh6UK3M5N5s4DHXsLR8xbWxK7Ms8svi0jPXIdID6z3xqnVfVsjHwk_bedzS_l1O9u_QcFexjZnLYSKzislMKK1ZrKeEjkjI5Dx6CadhE2orQElFyUAIS6CSAIozT5f0tw3Mg:1sBs92:4bUyupEBGzK3mVprhd4aMkfSxcSSZMJ4UvHJw4BreyM	2024-06-11 08:25:20.279198+00
asksj32swe9udm12v3why73q66835xrn	.eJxVjEsOwiAUAO_C2hA-Dwou3fcM5PGgUjWQlHZlvLsh6UK3M5N5s4DHXsLR8xbWxK7Ms8svi0jPXIdID6z3xqnVfVsjHwk_bedzS_l1O9u_QcFexjZnLYSKzislMKK1ZrKeEjkjI5Dx6CadhE2orQElFyUAIS6CSAIozT5f0tw3Mg:1sBsEF:DQpQxbRyx0zAqBLiJKAvgyeuC75eLjSx7xpewZ3ggFk	2024-06-11 08:30:43.266655+00
r7112437dsp026c50dgwrr8cyl6sikrh	.eJxVjEsOwiAUAO_C2hA-Dwou3fcM5PGgUjWQlHZlvLsh6UK3M5N5s4DHXsLR8xbWxK7Ms8svi0jPXIdID6z3xqnVfVsjHwk_bedzS_l1O9u_QcFexjZnLYSKzislMKK1ZrKeEjkjI5Dx6CadhE2orQElFyUAIS6CSAIozT5f0tw3Mg:1sBsGh:vIEPZteeA0qrib8rulygVHRlT6gVgVKwu3w3ZNZGWEs	2024-06-11 08:33:15.183594+00
kwn6ch008lc949t72qip7gharsicix7j	.eJxVjEsOwiAUAO_C2hA-Dwou3fcM5PGgUjWQlHZlvLsh6UK3M5N5s4DHXsLR8xbWxK7Ms8svi0jPXIdID6z3xqnVfVsjHwk_bedzS_l1O9u_QcFexjZnLYSKzislMKK1ZrKeEjkjI5Dx6CadhE2orQElFyUAIS6CSAIozT5f0tw3Mg:1sBsGh:vIEPZteeA0qrib8rulygVHRlT6gVgVKwu3w3ZNZGWEs	2024-06-11 08:33:15.89891+00
91cobsoew79du874l7vle0ad9l81igw8	.eJxVjEsOwiAUAO_C2hA-Dwou3fcM5PGgUjWQlHZlvLsh6UK3M5N5s4DHXsLR8xbWxK7Ms8svi0jPXIdID6z3xqnVfVsjHwk_bedzS_l1O9u_QcFexjZnLYSKzislMKK1ZrKeEjkjI5Dx6CadhE2orQElFyUAIS6CSAIozT5f0tw3Mg:1sBt0j:t4UmpyRAl3yp9XPekcECiEpSLQ6cfySj0H9ZGuDdDqc	2024-06-11 09:20:49.188605+00
vntz0pqyaxkqxoc71k025svgmlbmy9fq	.eJxVjEsOwiAUAO_C2hA-Dwou3fcM5PGgUjWQlHZlvLsh6UK3M5N5s4DHXsLR8xbWxK7Ms8svi0jPXIdID6z3xqnVfVsjHwk_bedzS_l1O9u_QcFexjZnLYSKzislMKK1ZrKeEjkjI5Dx6CadhE2orQElFyUAIS6CSAIozT5f0tw3Mg:1sBtOu:CgHZkRVKc5VfE5V4f6vVZedkxnMLa1pkLGEV37ETrH0	2024-06-11 09:45:48.676199+00
xbyw6xockojnknnoubvnj8a8ruesyodd	.eJxVjEsOwiAUAO_C2hA-Dwou3fcM5PGgUjWQlHZlvLsh6UK3M5N5s4DHXsLR8xbWxK7Ms8svi0jPXIdID6z3xqnVfVsjHwk_bedzS_l1O9u_QcFexjZnLYSKzislMKK1ZrKeEjkjI5Dx6CadhE2orQElFyUAIS6CSAIozT5f0tw3Mg:1sBtat:BvSCba9HaTpQZPUHgCNPpQwwJNIrHkR1RWSErS8pwOg	2024-06-11 09:58:11.077381+00
ay54e348fgij77wktqybijrmz8n8a2iy	.eJxVjEsOwiAUAO_C2hA-Dwou3fcM5PGgUjWQlHZlvLsh6UK3M5N5s4DHXsLR8xbWxK7Ms8svi0jPXIdID6z3xqnVfVsjHwk_bedzS_l1O9u_QcFexjZnLYSKzislMKK1ZrKeEjkjI5Dx6CadhE2orQElFyUAIS6CSAIozT5f0tw3Mg:1sBtlF:_wW3y9g8qzHUY6vDOFPfaA59_PnVTmUJxmWcDjKdYCM	2024-06-11 10:08:53.586862+00
pmjqgyfvrt16jrtkseu67b69kpijpaq5	.eJxVjEsOwiAUAO_C2hA-Dwou3fcM5PGgUjWQlHZlvLsh6UK3M5N5s4DHXsLR8xbWxK7Ms8svi0jPXIdID6z3xqnVfVsjHwk_bedzS_l1O9u_QcFexjZnLYSKzislMKK1ZrKeEjkjI5Dx6CadhE2orQElFyUAIS6CSAIozT5f0tw3Mg:1sBuRC:0RO-WiOttXrUFbU-5c7g60AVttsFOQA6NOEauQkeQcw	2024-06-11 10:52:14.387609+00
2aov914i749sk2tf14oyd805s5761b66	.eJxVjEsOwiAUAO_C2hA-Dwou3fcM5PGgUjWQlHZlvLsh6UK3M5N5s4DHXsLR8xbWxK7Ms8svi0jPXIdID6z3xqnVfVsjHwk_bedzS_l1O9u_QcFexjZnLYSKzislMKK1ZrKeEjkjI5Dx6CadhE2orQElFyUAIS6CSAIozT5f0tw3Mg:1sBufX:07iccRHa0wq8ZGM9NO6zQCeqrgsQxPt-rZNSDmTAfdg	2024-06-11 11:07:03.425362+00
g0p0g5yrmpp1ys1r6ksdfslt6r7wlp2v	.eJxVjEsOwiAUAO_C2hA-Dwou3fcM5PGgUjWQlHZlvLsh6UK3M5N5s4DHXsLR8xbWxK7Ms8svi0jPXIdID6z3xqnVfVsjHwk_bedzS_l1O9u_QcFexjZnLYSKzislMKK1ZrKeEjkjI5Dx6CadhE2orQElFyUAIS6CSAIozT5f0tw3Mg:1sBvaO:rQ9eTdGL4Zy5FJgp4wZJMnVzFB_g5rSCuEnGdKKvqjI	2024-06-11 12:05:48.378464+00
v8pfwhwlyl98pxbhyzrb1f7sblvj3clk	.eJxVjEsOwiAUAO_C2hA-Dwou3fcM5PGgUjWQlHZlvLsh6UK3M5N5s4DHXsLR8xbWxK7Ms8svi0jPXIdID6z3xqnVfVsjHwk_bedzS_l1O9u_QcFexjZnLYSKzislMKK1ZrKeEjkjI5Dx6CadhE2orQElFyUAIS6CSAIozT5f0tw3Mg:1sBvqg:b9ZuGZWgs9vKhDSxHHLvqlFzFtwThXhN15-aQI2W9bE	2024-06-11 12:22:38.794582+00
r4ifducthx53qfpe6bz1st954mm2ccbw	.eJxVjEsOwiAUAO_C2hA-Dwou3fcM5PGgUjWQlHZlvLsh6UK3M5N5s4DHXsLR8xbWxK7Ms8svi0jPXIdID6z3xqnVfVsjHwk_bedzS_l1O9u_QcFexjZnLYSKzislMKK1ZrKeEjkjI5Dx6CadhE2orQElFyUAIS6CSAIozT5f0tw3Mg:1sBvwX:OmZhct1HOoJo5uwzpX_UGm_HtF4aYIdnxDjPJhjtBDU	2024-06-11 12:28:41.958704+00
h7lplg5qq5llm4hl81npp75rcft3ny74	.eJxVjEsOwiAUAO_C2hA-Dwou3fcM5PGgUjWQlHZlvLsh6UK3M5N5s4DHXsLR8xbWxK7Ms8svi0jPXIdID6z3xqnVfVsjHwk_bedzS_l1O9u_QcFexjZnLYSKzislMKK1ZrKeEjkjI5Dx6CadhE2orQElFyUAIS6CSAIozT5f0tw3Mg:1sBw4H:mkE8CvhFIeg-2E8odytcUEptdDvMg7RPpFPSj-_Dj2s	2024-06-11 12:36:41.1525+00
gdio6llm9zg9ajwobt5inxtzgwoppvvs	.eJxVjEsOwiAUAO_C2hA-Dwou3fcM5PGgUjWQlHZlvLsh6UK3M5N5s4DHXsLR8xbWxK7Ms8svi0jPXIdID6z3xqnVfVsjHwk_bedzS_l1O9u_QcFexjZnLYSKzislMKK1ZrKeEjkjI5Dx6CadhE2orQElFyUAIS6CSAIozT5f0tw3Mg:1sBwKA:8Jcpu2ibq8mUw0FJBDz4w9K0aUWHj49Yw20vxYru8nc	2024-06-11 12:53:06.973843+00
biztcfd5giqfda1d94h8qtbvzm8bbrh1	.eJxVjEsOwiAUAO_C2hA-Dwou3fcM5PGgUjWQlHZlvLsh6UK3M5N5s4DHXsLR8xbWxK7Ms8svi0jPXIdID6z3xqnVfVsjHwk_bedzS_l1O9u_QcFexjZnLYSKzislMKK1ZrKeEjkjI5Dx6CadhE2orQElFyUAIS6CSAIozT5f0tw3Mg:1sBwRP:Q8Sod53Y3qv3Mj8_cDvpSiRQagUWmq5zlvCqpOLZkjs	2024-06-11 13:00:35.123533+00
rwdg0c8oavk7g2md3jhcw3dsdu8gdrn2	.eJxVjEsOwiAUAO_C2hA-Dwou3fcM5PGgUjWQlHZlvLsh6UK3M5N5s4DHXsLR8xbWxK7Ms8svi0jPXIdID6z3xqnVfVsjHwk_bedzS_l1O9u_QcFexjZnLYSKzislMKK1ZrKeEjkjI5Dx6CadhE2orQElFyUAIS6CSAIozT5f0tw3Mg:1sBway:DZXTwqwUZFNLGeZ0n4CJgRbu80pQXZgMHbIN9GSigAs	2024-06-11 13:10:28.466894+00
pbvsp18x2ygswvs3ap5drvenzrarm6bf	.eJxVjEsOwiAUAO_C2hA-Dwou3fcM5PGgUjWQlHZlvLsh6UK3M5N5s4DHXsLR8xbWxK7Ms8svi0jPXIdID6z3xqnVfVsjHwk_bedzS_l1O9u_QcFexjZnLYSKzislMKK1ZrKeEjkjI5Dx6CadhE2orQElFyUAIS6CSAIozT5f0tw3Mg:1sBwmn:ATEU2lE3405z3WbajNZ8fzHiQdNgJexAKr16hchK0pA	2024-06-11 13:22:41.880119+00
pd7a2zbwlveyght26nup1d9x8t3vxj45	.eJxVjMsOwiAQAP-FsyGwPLr16N1vIMuCUjWQlPZk_HdD0oNeZybzFoH2rYS95zUsSZyFBnH6hZH4mesw6UH13iS3uq1LlCORh-3y2lJ-XY72b1Col_ElrRxFtDQZdUOfvAHt3exw8ujZEiiObEEp1piUNRCBLbsZwZBmEJ8v1-k2wg:1sBxRi:CRNQeRrBtMHGgL_wZF0-A0CnHAHCRviVEXjTGMF9_XE	2024-06-11 14:04:58.84903+00
mxxxr9nqsj2bvtzn4hbkwnrlle23fomk	.eJxVjMsOwiAQAP-FsyGwPLr16N1vIMuCUjWQlPZk_HdD0oNeZybzFoH2rYS95zUsSZyFBnH6hZH4mesw6UH13iS3uq1LlCORh-3y2lJ-XY72b1Col_ElrRxFtDQZdUOfvAHt3exw8ujZEiiObEEp1piUNRCBLbsZwZBmEJ8v1-k2wg:1sBxkW:m0SW3pt7cjK_LDbkx83EHhbcWS59CLrmvP6xRWI3S54	2024-06-11 14:24:24.387295+00
8xrye1h6na7jxtmlky4jo8spwa4jve3d	.eJxVjMsOwiAQAP-FsyGwPLr16N1vIMuCUjWQlPZk_HdD0oNeZybzFoH2rYS95zUsSZyFBnH6hZH4mesw6UH13iS3uq1LlCORh-3y2lJ-XY72b1Col_ElrRxFtDQZdUOfvAHt3exw8ujZEiiObEEp1piUNRCBLbsZwZBmEJ8v1-k2wg:1sBy2j:E3vQeOFZ7-xpQulMGX6t5zzbkWke1jdNQuOfzjVcnV0	2024-06-11 14:43:13.529613+00
0mk31y0fk6yha57y2lce8zrpetkp5g0u	.eJxVjMsOwiAQAP-FsyGwPLr16N1vIMuCUjWQlPZk_HdD0oNeZybzFoH2rYS95zUsSZyFBnH6hZH4mesw6UH13iS3uq1LlCORh-3y2lJ-XY72b1Col_ElrRxFtDQZdUOfvAHt3exw8ujZEiiObEEp1piUNRCBLbsZwZBmEJ8v1-k2wg:1sByIO:OcQ3O3aVtDTUvZ80PGJ0Hgc-zm46rE_Ng970jGHQ0Zs	2024-06-11 14:59:24.250732+00
29ywpegw5lryaus483z59olrdx94qy5b	.eJxVjMsOwiAQAP-FsyGwPLr16N1vIMuCUjWQlPZk_HdD0oNeZybzFoH2rYS95zUsSZyFBnH6hZH4mesw6UH13iS3uq1LlCORh-3y2lJ-XY72b1Col_ElrRxFtDQZdUOfvAHt3exw8ujZEiiObEEp1piUNRCBLbsZwZBmEJ8v1-k2wg:1sBysV:97WgNZYD9PAltxHr9G-LtfhCOrK3GVd0gjQB-T4VS0o	2024-06-11 15:36:43.551486+00
2unlw5ygdmiwi8r3742jt3md4cyf9sqe	.eJxVjEsOwiAUAO_C2hA-Dwou3fcM5PGgUjWQlHZlvLsh6UK3M5N5s4DHXsLR8xbWxK7Ms8svi0jPXIdID6z3xqnVfVsjHwk_bedzS_l1O9u_QcFexjZnLYSKzislMKK1ZrKeEjkjI5Dx6CadhE2orQElFyUAIS6CSAIozT5f0tw3Mg:1sBz4e:xBMfstxr0DUMiTX47by8Dgls03WUukoehUW0qC4pw1E	2024-06-11 15:49:16.87833+00
gm27ediokjw7mxfqhd8jyb0k766xue0i	.eJxVjEEOwiAQRe_C2hCgFGZcuu8ZCDNQqRqalHZlvLsh6UK3_7333yLEYy_haHkLSxJXocXld6PIz1w7SI9Y76vkte7bQrIr8qRNTmvKr9vp_h2U2EqvmYaRDaWoHAOgBedGZjWjVqSttWQG9AwaEynIbCx4hR5dnIkNgPh8AeHEN4I:1sBzBG:RdIsSuIrgVtJWP3s7jhGCVJrXhEudI-jSLXxWGwQeXw	2024-06-11 15:56:06.503086+00
ccsme7mt56ze2h4xopvqt34ryzy4tar8	.eJxVjEsOwiAUAO_C2hA-Dwou3fcM5PGgUjWQlHZlvLsh6UK3M5N5s4DHXsLR8xbWxK7Ms8svi0jPXIdID6z3xqnVfVsjHwk_bedzS_l1O9u_QcFexjZnLYSKzislMKK1ZrKeEjkjI5Dx6CadhE2orQElFyUAIS6CSAIozT5f0tw3Mg:1sBzGx:VsLsXADmd8moFSggkGz06fLoqBfinlTrwqCGwNjA-hM	2024-06-11 16:01:59.670802+00
jcxodiunb7y2d36eikj8v5rzs74t7h00	.eJxVjEEOwiAQRe_C2hBAoODSvWcgM8xUqgaS0q6Md7dNutDtf-_9t0iwLiWtnec0kbgIrcTpd0TIT647oQfUe5O51WWeUO6KPGiXt0b8uh7u30GBXraaabSo0VoX3AjIWQ0cs4fBKH_OvAEV2VvtbEAw5AJzJjYmesJoPInPFyZCOMc:1sBzdo:nxkXPs0W61WC9iDdWn6RjNlBeob5YiEYDV9XoGfek2Q	2024-06-11 16:25:36.32282+00
7kc2k8m7pyhcbstmvnvncto5o9xyogb8	.eJxVjEEOwiAQRe_C2hBAoODSvWcgM8xUqgaS0q6Md7dNutDtf-_9t0iwLiWtnec0kbgIrcTpd0TIT647oQfUe5O51WWeUO6KPGiXt0b8uh7u30GBXraaabSo0VoX3AjIWQ0cs4fBKH_OvAEV2VvtbEAw5AJzJjYmesJoPInPFyZCOMc:1sBzhj:PK-rhih-2cT-OBqiCoZvCjLl_ifFayAI1Fsdv58aCJw	2024-06-11 16:29:39.432387+00
05d0irg7tl08fntlc1yxnv3ezqpjfta3	.eJxVjEsOwiAUAO_C2hA-Dwou3fcM5PGgUjWQlHZlvLsh6UK3M5N5s4DHXsLR8xbWxK7Ms8svi0jPXIdID6z3xqnVfVsjHwk_bedzS_l1O9u_QcFexjZnLYSKzislMKK1ZrKeEjkjI5Dx6CadhE2orQElFyUAIS6CSAIozT5f0tw3Mg:1sBzlq:H9Pq37AxNyuzVBv24SvtGX5Gkf85YuNNBs366jkWTJ4	2024-06-11 16:33:54.880317+00
areylprg6kpze4b1helnl8byejupcvu8	.eJxVjEsOwiAUAO_C2hA-Dwou3fcM5PGgUjWQlHZlvLsh6UK3M5N5s4DHXsLR8xbWxK7Ms8svi0jPXIdID6z3xqnVfVsjHwk_bedzS_l1O9u_QcFexjZnLYSKzislMKK1ZrKeEjkjI5Dx6CadhE2orQElFyUAIS6CSAIozT5f0tw3Mg:1sBzyF:lGWkLQWzL9qjlXyThvghthbEadOzyK5zV3J_QrcFFBM	2024-06-11 16:46:43.506655+00
15s08wf23j4wywf3fyfpdr7ix83auuae	.eJxVjEsOwiAUAO_C2hA-Dwou3fcM5PGgUjWQlHZlvLsh6UK3M5N5s4DHXsLR8xbWxK7Ms8svi0jPXIdID6z3xqnVfVsjHwk_bedzS_l1O9u_QcFexjZnLYSKzislMKK1ZrKeEjkjI5Dx6CadhE2orQElFyUAIS6CSAIozT5f0tw3Mg:1sCA85:o8TJ5VaoudpwSfc1_QP5dBT0KcO2czFn-BtJluEzqPk	2024-06-12 03:37:33.132892+00
flnteff06ma7z77571jqq2avg8oyebbp	.eJxVjEsOwiAUAO_C2hA-Dwou3fcM5PGgUjWQlHZlvLsh6UK3M5N5s4DHXsLR8xbWxK7Ms8svi0jPXIdID6z3xqnVfVsjHwk_bedzS_l1O9u_QcFexjZnLYSKzislMKK1ZrKeEjkjI5Dx6CadhE2orQElFyUAIS6CSAIozT5f0tw3Mg:1sCFuD:Is0Ooh4HmRuJ_PxOj63VWK2gtmwbkudxChq-2rGWqZA	2024-06-12 09:47:37.967759+00
zlp23p9ypzz42hyor4sujp5cbxbpqbta	.eJxVjEsOwiAUAO_C2hA-Dwou3fcM5PGgUjWQlHZlvLsh6UK3M5N5s4DHXsLR8xbWxK7Ms8svi0jPXIdID6z3xqnVfVsjHwk_bedzS_l1O9u_QcFexjZnLYSKzislMKK1ZrKeEjkjI5Dx6CadhE2orQElFyUAIS6CSAIozT5f0tw3Mg:1sCFuE:ukw_zs9RFhzwfjZDQ_9ih9328zsELewgbwkA6213ap4	2024-06-12 09:47:38.015061+00
60hry1kf7nl58p7temhz69tdi28tughg	.eJxVjEsOwiAUAO_C2hA-Dwou3fcM5PGgUjWQlHZlvLsh6UK3M5N5s4DHXsLR8xbWxK7Ms8svi0jPXIdID6z3xqnVfVsjHwk_bedzS_l1O9u_QcFexjZnLYSKzislMKK1ZrKeEjkjI5Dx6CadhE2orQElFyUAIS6CSAIozT5f0tw3Mg:1sCIy4:NM_qFe9xXQmnygfcROb7FbCeStAPODW69cD_urhvvW8	2024-06-12 13:03:48.791901+00
9l9zifcyo38sseqnksj67m4n8u9jfbvm	.eJxVjEsOwiAUAO_C2hA-Dwou3fcM5PGgUjWQlHZlvLsh6UK3M5N5s4DHXsLR8xbWxK7Ms8svi0jPXIdID6z3xqnVfVsjHwk_bedzS_l1O9u_QcFexjZnLYSKzislMKK1ZrKeEjkjI5Dx6CadhE2orQElFyUAIS6CSAIozT5f0tw3Mg:1sCIy5:0WiPqzdKyPxN0v8HbVFwEcUxjC7xpibbdjc8wSDwBGk	2024-06-12 13:03:49.409564+00
ti15zjiwd8yry3lx8gjmxbsrr2crtoac	.eJxVjEsOwiAUAO_C2hA-Dwou3fcM5PGgUjWQlHZlvLsh6UK3M5N5s4DHXsLR8xbWxK7Ms8svi0jPXIdID6z3xqnVfVsjHwk_bedzS_l1O9u_QcFexjZnLYSKzislMKK1ZrKeEjkjI5Dx6CadhE2orQElFyUAIS6CSAIozT5f0tw3Mg:1sCIy5:0WiPqzdKyPxN0v8HbVFwEcUxjC7xpibbdjc8wSDwBGk	2024-06-12 13:03:49.473955+00
ik840ma5dekmqcj25v8x429b662kvfgf	.eJxVjEsOwiAUAO_C2hA-Dwou3fcM5PGgUjWQlHZlvLsh6UK3M5N5s4DHXsLR8xbWxK7Ms8svi0jPXIdID6z3xqnVfVsjHwk_bedzS_l1O9u_QcFexjZnLYSKzislMKK1ZrKeEjkjI5Dx6CadhE2orQElFyUAIS6CSAIozT5f0tw3Mg:1sCIy5:0WiPqzdKyPxN0v8HbVFwEcUxjC7xpibbdjc8wSDwBGk	2024-06-12 13:03:49.600959+00
jgss47jhowdo4t15i8tinw6vd8cktivu	.eJxVjEsOwiAUAO_C2hA-Dwou3fcM5PGgUjWQlHZlvLsh6UK3M5N5s4DHXsLR8xbWxK7Ms8svi0jPXIdID6z3xqnVfVsjHwk_bedzS_l1O9u_QcFexjZnLYSKzislMKK1ZrKeEjkjI5Dx6CadhE2orQElFyUAIS6CSAIozT5f0tw3Mg:1sCXvg:vPBVdMHXqBgjH96bOVe2K6-TGNoHp5RDqlGJYgu58L8	2024-06-13 05:02:20.880853+00
336wt7xtfpr3glwv44rplvnec6uwet3g	.eJxVjEsOwiAUAO_C2hA-Dwou3fcM5PGgUjWQlHZlvLsh6UK3M5N5s4DHXsLR8xbWxK7Ms8svi0jPXIdID6z3xqnVfVsjHwk_bedzS_l1O9u_QcFexjZnLYSKzislMKK1ZrKeEjkjI5Dx6CadhE2orQElFyUAIS6CSAIozT5f0tw3Mg:1sCg23:uzmfoTvC_h7nq-frz_vhdep5l8uHXrtjWi5lLwWt6tg	2024-06-13 13:41:27.541455+00
06ensim0s2e4ykzsf1jkno1me17lwrp4	.eJxVjEsOwiAUAO_C2hA-Dwou3fcM5PGgUjWQlHZlvLsh6UK3M5N5s4DHXsLR8xbWxK7Ms8svi0jPXIdID6z3xqnVfVsjHwk_bedzS_l1O9u_QcFexjZnLYSKzislMKK1ZrKeEjkjI5Dx6CadhE2orQElFyUAIS6CSAIozT5f0tw3Mg:1sCg23:uzmfoTvC_h7nq-frz_vhdep5l8uHXrtjWi5lLwWt6tg	2024-06-13 13:41:27.638144+00
2vviyyp0dc8epmi1fjryjx0o3mi1qvax	.eJxVjEsOwiAUAO_C2hA-Dwou3fcM5PGgUjWQlHZlvLsh6UK3M5N5s4DHXsLR8xbWxK7Ms8svi0jPXIdID6z3xqnVfVsjHwk_bedzS_l1O9u_QcFexjZnLYSKzislMKK1ZrKeEjkjI5Dx6CadhE2orQElFyUAIS6CSAIozT5f0tw3Mg:1sCg9d:whpCFKZc4jqKxzt2L9gu244cwXmNCFB_t4KNElHXaUk	2024-06-13 13:49:17.217306+00
5ex9ggkst4l66mli3rna3ppbd4uvtoh9	.eJxVjMsOwiAUBf-FtSG8Hy7d9xvIBS5SNZCUdmX8d9ukC92emTlvEmBba9gGLmHO5Eo4ufxuEdIT2wHyA9q909TbusyRHgo96aBTz_i6ne7fQYVR91oWiVHJIrSz3ntnnI4S0aeofcqFGYOeC2uAZ1TJascZi7upAQQvqMjnC9kgN5Y:1sCusO:1xXTyxqwvIIZopRqAIiJiH8qlwa5o8RV-a9l5AALUJw	2024-06-14 05:32:28.379363+00
eo3fg5c6uyvqrxz2942t6ev5nj45mbxr	.eJxVjEEOwiAQRe_C2hCZYUZw6d4zEAqDVA1NSrsy3l2bdKHb_977LxXiutSwdpnDmNVZGXX43YaYHtI2kO-x3SadprbM46A3Re-06-uU5XnZ3b-DGnv91q5gAeeYTwaSAYPkJRKSFcfFWIuFiMUhHQHZA1qIlIoHw8hifVLvD6GZNgk:1sCy68:H-GwFTp6uLF-ayIhZGfOnfJC6kPHqBJH50ZRFrrp_fs	2024-06-14 08:58:52.034124+00
\.


--
-- Data for Name: movie_country; Type: TABLE DATA; Schema: public; Owner: postgres
--

COPY public.movie_country (id, created, updated, title) FROM stdin;
1	2024-04-23 08:27:14.870653+00	2024-04-23 08:27:14.870653+00	Соединенные Штаты
2	2024-05-01 03:30:31.924548+00	2024-05-01 03:30:31.924548+00	Великобритания
\.


--
-- Data for Name: movie_genre; Type: TABLE DATA; Schema: public; Owner: postgres
--

COPY public.movie_genre (id, created, updated, title) FROM stdin;
1	2024-04-23 08:26:45.276248+00	2024-04-23 08:26:45.276248+00	Фантастика
2	2024-04-23 08:26:56.334213+00	2024-04-23 08:26:56.334213+00	Приключения
3	2024-05-01 02:49:27.580541+00	2024-05-01 02:49:27.580541+00	Комедия
4	2024-05-01 03:10:53.486998+00	2024-05-01 03:10:53.486998+00	Драмма
5	2024-05-01 03:11:05.877755+00	2024-05-01 03:11:05.877755+00	История
6	2024-05-01 03:20:29.395667+00	2024-05-01 03:20:29.395667+00	Роман
7	2024-05-01 03:29:54.6382+00	2024-05-01 03:29:54.6382+00	Документальный
8	2024-05-01 04:23:13.350029+00	2024-05-01 04:23:13.350029+00	Обучающий
\.


--
-- Data for Name: movie_movie; Type: TABLE DATA; Schema: public; Owner: postgres
--

COPY public.movie_movie (id, created, updated, title, plot, rating, release_year, duration, status, poster_path, poster_image) FROM stdin;
7	2024-05-01 04:24:40.843597+00	2024-05-29 12:36:19.26427+00	Planet Earth	Prepare to see it as never before.	9.4	2006	51	Завершено	Planet_Earth.jpg	poster/Planet_Earth_vvwaj1D.jpg
8	2024-05-01 04:31:38.599131+00	2024-05-29 12:36:34.388508+00	Planet Earth II	David Attenborough returns in this breathtaking documentary showcasing life on Planet Earth.	9.5	2016	63	Завершено	Planet_Earth_II.jpg	poster/Planet_Earth_II.jpg
9	2024-05-01 04:37:41.676942+00	2024-05-29 12:36:48.333493+00	Planet Earth III	Journeying to the far reaches of our planet, this eight part series follows some of the world's most amazing species, telling extraordinary stories that are dramatic, thrilling, funny and sometimes heart-breaking, but always full of hope.	9.2	2023	59	Завершено	Planet_Earth_III.jpg	poster/Planet_Earth_III.jpg
10	2024-05-01 04:48:26.981162+00	2024-05-29 12:37:05.917987+00	Frozen Planet	David Attenborough travels to the end of the earth, taking viewers on an extraordinary journey across the polar regions of our planet.	9	2011	50	Завершено	Frozen_Planet.jpg	poster/Frozen_Planet.jpg
11	2024-05-01 05:04:19.005245+00	2024-05-29 12:37:39.898542+00	Frozen Planet II	Ten years on from the original Frozen Planet, this documentary series takes audiences back to the wildernesses of the Arctic and Antarctica and tells the complete story of the entire frozen quarter of our planet that’s locked in ice and blanketed in snow.	9	2022	57	Завершено	Frozen_Planet_II.jpg	poster/Frozen_Planet_II.jpg
12	2024-05-01 05:09:38.165729+00	2024-05-29 12:37:54.14909+00	The Planets	Professor Brian Cox explores the dramatic lives of the eight majestic planets/worlds that make up our solar system.	9	2019	59	Завершено	The_Planets.jpg	poster/The_Planets.jpg
1	2024-04-23 08:31:36.547897+00	2024-05-29 11:36:31.040858+00	The Boys	Группа линчевателей, неофициально известная как «Парни», намеревалась уничтожить коррумпированных супергероев, обладая лишь рабочей выдержкой и готовностью сражаться грязно.	8.7	2019	59	Продолжается	The_Boys.jpg	poster/The_Boys.jpg
2	2024-05-01 02:57:18.254931+00	2024-05-29 11:36:53.023365+00	Fallout	The story of haves and have-nots in a world in which there’s almost nothing left to have. 200 years after the apocalypse, the gentle denizens of luxury fallout shelters are forced to return to the irradiated hellscape their ancestors left behind — and are shocked to discover an incredibly complex, gleefully weird, and highly violent universe waiting for them.	8.6	2024	60	Продолжается	Fallout.jpg	poster/Fallout.jpg
3	2024-05-01 03:03:00.163321+00	2024-05-29 11:37:17.90486+00	Halo	Depicting an epic 26th-century conflict between humanity and an alien threat known as the Covenant, the series weaves deeply drawn personal stories with action, adventure and a richly imagined vision of the future.	7.3	2022	60	Продолжается	Halo.jpg	poster/Halo.jpg
4	2024-05-01 03:13:15.894388+00	2024-05-29 12:34:48.498103+00	The Crown	The Crown focuses on Queen Elizabeth II as a 25-year-old newlywed faced with the daunting prospect of...	8.6	2016	57	Законченный	The_Crown.jpg	poster/The_Crown.jpg
5	2024-05-01 03:21:30.726297+00	2024-05-29 12:35:04.590845+00	Friends	The lives, loves, and laughs of six young friends living in Manhattan.	8.9	1994	23	Законченный	Friends.jpg	poster/Friends.jpg
6	2024-05-01 03:33:59.360133+00	2024-05-29 12:35:53.639684+00	The Green Planet	This documentary series about plants is the first immersive portrayal of an unseen, inter-connected world, full of remarkable new behaviour, emotional stories and surprising heroes in the plant world. Planet Earth from the perspective of plants.	9.1	2022	60	Завершено	The_Green_Planet.jpg	poster/The_Green_Planet.jpg
\.


--
-- Data for Name: movie_movie_countries; Type: TABLE DATA; Schema: public; Owner: postgres
--

COPY public.movie_movie_countries (id, movie_id, country_id) FROM stdin;
1	1	1
2	2	1
3	3	1
4	4	1
5	5	1
6	6	2
7	7	2
8	8	2
9	9	2
10	10	2
11	11	2
12	12	2
\.


--
-- Data for Name: movie_movie_genre; Type: TABLE DATA; Schema: public; Owner: postgres
--

COPY public.movie_movie_genre (id, movie_id, genre_id) FROM stdin;
1	1	1
2	1	2
3	2	1
4	2	3
5	3	1
6	4	4
7	4	5
8	5	3
9	5	6
10	6	7
11	7	8
12	7	7
13	8	7
14	9	7
15	10	7
16	11	7
17	12	7
\.


--
-- Data for Name: movie_movie_seasons; Type: TABLE DATA; Schema: public; Owner: postgres
--

COPY public.movie_movie_seasons (id, movie_id, season_id) FROM stdin;
1	1	1
2	1	2
3	2	3
4	3	4
5	4	5
6	5	6
7	6	7
8	7	8
9	8	9
10	9	10
11	10	11
12	11	12
13	12	13
\.


--
-- Data for Name: movie_season; Type: TABLE DATA; Schema: public; Owner: postgres
--

COPY public.movie_season (id, created, updated, title, season_number) FROM stdin;
2	2024-04-23 09:02:13.92357+00	2024-04-23 12:12:38.346495+00	The Boys 2	2
1	2024-04-23 08:30:50.911356+00	2024-04-29 15:57:41.989232+00	The Boys 1	1
3	2024-05-01 02:55:39.967144+00	2024-05-01 02:55:39.967144+00	Fallout 1	1
4	2024-05-01 03:01:05.121847+00	2024-05-01 03:01:05.121847+00	Halo 1	1
5	2024-05-01 03:09:36.838196+00	2024-05-01 03:09:36.838196+00	The Crown 1	1
6	2024-05-01 03:19:15.247247+00	2024-05-01 03:19:15.247247+00	Friends 1	1
7	2024-05-01 03:28:25.356762+00	2024-05-01 03:32:43.152167+00	The Green Planet 1	1
8	2024-05-01 04:21:55.178444+00	2024-05-01 04:21:55.178444+00	Planet Earth 1	1
9	2024-05-01 04:29:38.83844+00	2024-05-01 04:29:38.83844+00	Planet Earth II 1	1
10	2024-05-01 04:35:17.830714+00	2024-05-01 04:35:17.830714+00	Planet Earth III 1	1
11	2024-05-01 04:45:52.133293+00	2024-05-01 04:47:37.8276+00	Frozen Planet 1	1
12	2024-05-01 05:01:46.504186+00	2024-05-01 05:02:22.690541+00	Frozen Planet II 1	1
13	2024-05-01 05:08:01.018191+00	2024-05-01 05:08:01.018191+00	The Planets 1	1
\.


--
-- Data for Name: movie_season_series; Type: TABLE DATA; Schema: public; Owner: postgres
--

COPY public.movie_season_series (id, season_id, series_id) FROM stdin;
1	1	1
3	2	2
4	1	3
5	1	4
6	2	5
7	2	6
8	1	7
9	1	8
10	1	9
11	1	10
12	1	11
13	3	12
14	4	13
15	5	14
16	6	15
17	7	16
18	8	17
19	9	18
20	10	19
21	11	20
22	12	21
23	13	22
\.


--
-- Data for Name: movie_series; Type: TABLE DATA; Schema: public; Owner: postgres
--

COPY public.movie_series (id, created, updated, title, series_number, description, dash_path, hls_path, ru_subt_path, en_subt_path, subt_path) FROM stdin;
2	2024-04-23 09:06:45.775827+00	2024-04-27 16:52:57.688258+00	The Big Ride	1	Season 2! New and improved! Now with 50% more explosive decapitations, terrorists, S&M hookers, cults, and a new pine fresh scent! But wait, there’s more! 2X MORE blood, guts and gore than the other leading brands! This exclusive offer is available only on Amazon Prime Video! Don’t delay! Order now!	../static/videos/the_boys/seasons_2/series_1/dash/output.mpd	../static/videos/the_boys/seasons_2/series_1/hls/output.m3u8	the_boys/seasons_2/series_1/subtitles/The.Boys.s02s01.ru.subt.srt	the_boys/seasons_2/series_1/subtitles/The.Boys.s02s01.en.subt.srt	[{"lang": "ru", "path": "the_boys/seasons_2/series_1/subtitles/The.Boys.s02s01.ru.subt.srt"}, {"lang": "en", "path": "the_boys/seasons_2/series_1/subtitles/The.Boys.s02s01.en.subt.srt"}]
13	2024-05-01 03:00:35.574434+00	2024-05-01 03:00:35.574434+00	Contact	1	In the year 2552, humans on the planet Madrigal have been fighting for independence from Earth, but a fatal encounter with the Alien Covenant complicates things. Master Chief John 117 and his super-soldier “Spartans” join the fight. After the battle, Master Chief heads to his home planet of Reach with a Madrigal survivor and a mysterious object he discovered on the planet. But a controversial order has John questioning his mission, and himself.	null	null	null	null	{"null": "null"}
8	2024-04-26 17:13:41.308341+00	2024-05-05 04:28:15.303836+00	Good for the Soul	5	The Boys head to the “Believe” Expo to follow a promising lead in their ongoing war against the Supes. There might -- MIGHT -- be a homicidal infant, but you'll have to see for yourself.	the_boys/seasons_1/series_5/dash/output.mpd	the_boys/seasons_1/series_5/hls/output.m3u8	the_boys/seasons_1/series_5/subtitles/The.Boys.s01s05.ru.subt.srt	the_boys/seasons_1/series_5/subtitles/The.Boys.s01s05.en.subt.srt	[{"lang": "Ru", "path": "the_boys/seasons_1/series_5/subtitles/The.Boys.s01s05.ru.subt.srt"}, {"lang": "En", "path": "the_boys/seasons_1/series_5/subtitles/The.Boys.s01s05.en.subt.srt"}, {"lang": "Sp", "path": "the_boys/seasons_1/series_5/subtitles/The.Boys.s01s05.sp.subt.srt"}, {"lang": "It", "path": "the_boys/seasons_1/series_5/subtitles/The.Boys.s01s05.it.subt.srt"}, {"lang": "Pt", "path": "the_boys/seasons_1/series_5/subtitles/The.Boys.s01s05.pt.subt.srt"}, {"lang": "Fr", "path": "the_boys/seasons_1/series_5/subtitles/The.Boys.s01s05.fr.subt.srt"}, {"lang": "Ge", "path": "the_boys/seasons_1/series_5/subtitles/The.Boys.s01s05.ge.subt.srt"}, {"lang": "Pl", "path": "the_boys/seasons_1/series_5/subtitles/The.Boys.s01s05.pl.subt.srt"}, {"lang": "Tr", "path": "the_boys/seasons_1/series_5/subtitles/The.Boys.s01s05.tr.subt.srt"}, {"lang": "Cs", "path": "the_boys/seasons_1/series_5/subtitles/The.Boys.s01s05.cs.subt.srt"}]
7	2024-04-26 17:01:23.940548+00	2024-05-05 04:27:41.048356+00	The Female of the Species	4	On a very special episode of The Boys… an hour of guts, gutterballs, airplane hijackings, madness, ghosts, and one very intriguing Female. Oh, and lots of heart -- both in the sentimental sense, and in the gory literal sense.	the_boys/seasons_1/series_4/dash/output.mpd	the_boys/seasons_1/series_4/hls/output.m3u8	the_boys/seasons_1/series_4/subtitles/The.Boys.s01s04.ru.subt.srt	the_boys/seasons_1/series_4/subtitles/The.Boys.s01s04.en.subt.srt	[{"lang": "Ru", "path": "the_boys/seasons_1/series_4/subtitles/The.Boys.s01s04.ru.subt.srt"}, {"lang": "En", "path": "the_boys/seasons_1/series_4/subtitles/The.Boys.s01s04.en.subt.srt"}, {"lang": "Sp", "path": "the_boys/seasons_1/series_4/subtitles/The.Boys.s01s04.sp.subt.srt"}, {"lang": "It", "path": "the_boys/seasons_1/series_4/subtitles/The.Boys.s01s04.it.subt.srt"}, {"lang": "Pt", "path": "the_boys/seasons_1/series_4/subtitles/The.Boys.s01s04.pt.subt.srt"}, {"lang": "Fr", "path": "the_boys/seasons_1/series_4/subtitles/The.Boys.s01s04.fr.subt.srt"}, {"lang": "Ge", "path": "the_boys/seasons_1/series_4/subtitles/The.Boys.s01s04.ge.subt.srt"}, {"lang": "Pl", "path": "the_boys/seasons_1/series_4/subtitles/The.Boys.s01s04.pl.subt.srt"}, {"lang": "Tr", "path": "the_boys/seasons_1/series_4/subtitles/The.Boys.s01s04.tr.subt.srt"}, {"lang": "Cs", "path": "the_boys/seasons_1/series_4/subtitles/The.Boys.s01s04.cs.subt.srt"}]
5	2024-04-23 12:09:03.960501+00	2024-04-27 16:58:00.206064+00	Proper Preparation and Planning	2	The Boys get themselves a Super Terrorist, Starlight gets evidence against Vought, The Deep gets in touch with his feelings, and Homelander gets himself a family (sort of). All that, and a hard-hitting exposé on why Super Suits don’t have pockets.	../static/videos/the_boys/seasons_2/series_2/dash/output.mpd	../static/videos/the_boys/seasons_2/series_2/hls/output.m3u8	the_boys/seasons_2/series_2/subtitles/The.Boys.s02s02.ru.subt.srt	the_boys/seasons_2/series_2/subtitles/The.Boys.s02s02.en.subt.srt	[{"lang": "ru", "path": "the_boys/seasons_2/series_2/subtitles/The.Boys.s02s02.ru.subt.srt"}, {"lang": "en", "path": "the_boys/seasons_2/series_2/subtitles/The.Boys.s02s02.en.subt.srt"}]
15	2024-05-01 03:17:15.603251+00	2024-05-01 03:18:51.812587+00	The One Where Monica Gets a Roommate	1	Rachel runs from her wedding and meets the friends in the coffee place. Ross is depressed about his divorce but he still has a crush on Rachel.	null	null	null	null	{"null": "null"}
17	2024-05-01 04:21:05.054035+00	2024-05-01 04:21:05.054035+00	From Pole to Pole	1	"Planet Earth" travels around the Earth, finding where the sun always shines and where it's rarely seen. Next, they find where water is abundant and where it's scarce.	null	null	null	null	{"null": "null"}
20	2024-05-01 04:45:00.251418+00	2024-05-01 04:45:00.251418+00	To the Ends of the Earth	1	A survey of the Arctic and Antarctic, discovering magical new ice worlds inhabited by the most extraordinary animal survivors on Earth.	null	null	null	null	{"null": "null"}
22	2024-05-01 05:07:15.938993+00	2024-05-01 05:07:15.938993+00	The Two Sisters - Earth & Mars	1	Professor Brian Cox continues his tour of the solar system revealing that it was once home to not one, but two blue planets.	null	null	null	null	{"null": "null"}
14	2024-05-01 03:08:54.947255+00	2024-05-01 03:08:54.947255+00	Wolferton Splash	1	A young Princess Elizabeth marries Prince Philip. As King George VI’s health worsens, Winston Churchill is elected prime minister for the second time.	null	null	null	null	{"null": "null"}
16	2024-05-01 03:27:45.277207+00	2024-05-01 03:27:45.277207+00	Tropical Worlds	1	Tropical rainforests are plant battlegrounds. New filming techniques allow us to enter the world of plants to see it from their perspective and on their timescale.	null	null	null	null	{"null": "null"}
19	2024-05-01 04:34:10.090247+00	2024-05-01 04:34:10.090247+00	Wonders of Nature	1	The making of Planet Earth III took over five years as the team traveled to every corner of the planet to capture astounding animal dramas, and using the latest technology to film behaviors never seen before.	null	null	null	null	{"null": "null"}
21	2024-05-01 05:00:59.591431+00	2024-05-01 05:00:59.591431+00	Frozen Worlds	1	From the poles to the highest mountain peaks, there are surprising frozen worlds found on every continent, and each is home to unique and remarkable animals.	null	null	null	null	{"null": "null"}
1	2024-04-23 08:30:31.673621+00	2024-05-04 11:26:08.681818+00	The Name of the Game	1	When a Supe kills the love of his life, A/V salesman Hughie Campbell teams up with Billy Butcher, a vigilante hell-bent on punishing corrupt Supes -- and Hughie’s life will never be the same again.	the_boys/seasons_1/series_1/dash/output.mpd	the_boys/seasons_1/series_1/hls/output.m3u8	the_boys/seasons_1/series_1/subtitles/The.Boys.s01s01.ru.subt.srt	the_boys/seasons_1/series_1/subtitles/The.Boys.s01s01.en.subt.srt	[{"lang": "Ru", "path": "the_boys/seasons_1/series_1/subtitles/The.Boys.s01s01.ru.subt.srt"}, {"lang": "En", "path": "the_boys/seasons_1/series_1/subtitles/The.Boys.s01s01.en.subt.srt"}, {"lang": "Sp", "path": "the_boys/seasons_1/series_1/subtitles/The.Boys.s01s01.sp.subt.srt"}, {"lang": "It", "path": "the_boys/seasons_1/series_1/subtitles/The.Boys.s01s01.it.subt.srt"}, {"lang": "Pt", "path": "the_boys/seasons_1/series_1/subtitles/The.Boys.s01s01.pt.subt.srt"}, {"lang": "Fr", "path": "the_boys/seasons_1/series_1/subtitles/The.Boys.s01s01.fr.subt.srt"}, {"lang": "Ge", "path": "the_boys/seasons_1/series_1/subtitles/The.Boys.s01s01.ge.subt.srt"}, {"lang": "Pl", "path": "the_boys/seasons_1/series_1/subtitles/The.Boys.s01s01.pl.subt.srt"}, {"lang": "Tr", "path": "the_boys/seasons_1/series_1/subtitles/The.Boys.s01s01.tr.subt.srt"}, {"lang": "Cs", "path": "the_boys/seasons_1/series_1/subtitles/The.Boys.s01s01.cs.subt.srt"}]
6	2024-04-23 12:12:15.248819+00	2024-04-29 14:53:23.520357+00	Over the Hill With the Swords of a Thousand Men	3	Attention: If you or a loved one were exposed to Compound V, you may be entitled to financial compensation. Vought has given the drug to multiple victims, without their knowledge or consent. If you believe that you or a loved one were administered Compound V, call the law firm of Bremmer & Bremmer at 1-888-177-2774 for a free legal consultation. Know your rights!	../static/videos/the_boys/seasons_2/series_3/dash/output.mpd	../static/videos/the_boys/seasons_2/series_3/hls/output.m3u8	the_boys/seasons_2/series_3/subtitles/The.Boys.s02s03.ru.subt.srt	the_boys/seasons_2/series_3/subtitles/The.Boys.s02s03.en.subt.srt	[{"lang": "Ru", "path": "the_boys/seasons_1/series_3/subtitles/The.Boys.s01s03.ru.subt.srt"}, {"lang": "En", "path": "the_boys/seasons_1/series_3/subtitles/The.Boys.s01s03.en.subt.srt"}, {"lang": "Sp", "path": "the_boys/seasons_1/series_3/subtitles/The.Boys.s01s03.sp.subt.srt"}, {"lang": "It", "path": "the_boys/seasons_1/series_3/subtitles/The.Boys.s01s03.it.subt.srt"}, {"lang": "Pt", "path": "the_boys/seasons_1/series_3/subtitles/The.Boys.s01s03.pt.subt.srt"}, {"lang": "Fr", "path": "the_boys/seasons_1/series_3/subtitles/The.Boys.s01s03.fr.subt.srt"}, {"lang": "Ge", "path": "the_boys/seasons_1/series_3/subtitles/The.Boys.s01s03.ge.subt.srt"}, {"lang": "Pl", "path": "the_boys/seasons_1/series_3/subtitles/The.Boys.s01s03.pl.subt.srt"}, {"lang": "Tr", "path": "the_boys/seasons_1/series_3/subtitles/The.Boys.s01s03.tr.subt.srt"}, {"lang": "Cs", "path": "the_boys/seasons_1/series_3/subtitles/The.Boys.s01s03.cs.subt.srt"}]
10	2024-04-29 15:32:12.183929+00	2024-05-05 04:29:05.342445+00	The Self-Preservation Society	7	Never trust a washed-up Supe -- the Boys learn this lesson the hard way. Meanwhile, Homelander digs into his past, Starlight discovers that love hurts, and if you’re ever in Sandusky, Ohio and a girl asks if she can touch your gills, say NO.	the_boys/seasons_1/series_7/dash/output.mpd	the_boys/seasons_1/series_7/hls/output.m3u8	the_boys/seasons_1/series_7/subtitles/The.Boys.s01s07.ru.subt.srt	the_boys/seasons_1/series_7/subtitles/The.Boys.s01s07.en.subt.srt	[{"lang": "Ru", "path": "the_boys/seasons_1/series_7/subtitles/The.Boys.s01s07.ru.subt.srt"}, {"lang": "En", "path": "the_boys/seasons_1/series_7/subtitles/The.Boys.s01s07.en.subt.srt"}, {"lang": "Sp", "path": "the_boys/seasons_1/series_7/subtitles/The.Boys.s01s07.sp.subt.srt"}, {"lang": "It", "path": "the_boys/seasons_1/series_7/subtitles/The.Boys.s01s07.it.subt.srt"}, {"lang": "Pt", "path": "the_boys/seasons_1/series_7/subtitles/The.Boys.s01s07.pt.subt.srt"}, {"lang": "Fr", "path": "the_boys/seasons_1/series_7/subtitles/The.Boys.s01s07.fr.subt.srt"}, {"lang": "Ge", "path": "the_boys/seasons_1/series_7/subtitles/The.Boys.s01s07.ge.subt.srt"}, {"lang": "Pl", "path": "the_boys/seasons_1/series_7/subtitles/The.Boys.s01s07.pl.subt.srt"}, {"lang": "Tr", "path": "the_boys/seasons_1/series_7/subtitles/The.Boys.s01s07.tr.subt.srt"}, {"lang": "Cs", "path": "the_boys/seasons_1/series_7/subtitles/The.Boys.s01s07.cs.subt.srt"}]
12	2024-05-01 02:55:27.382554+00	2024-05-01 02:55:27.382554+00	The End	1	Okey dokey...	null	null	null	null	{"null": "null"}
18	2024-05-01 04:28:26.406083+00	2024-05-01 04:28:26.406083+00	A World of Wonder	1	A compilation of the wildlife series presented by David Attenborough.	null	null	null	null	{"null": "null"}
9	2024-04-29 14:04:01.250943+00	2024-05-05 04:28:36.753743+00	The Innocents	6	SUPER IN AMERICA (2019). Vought Studios. Genre: Reality. Starring: Homelander, Queen Maeve, Black Noir, The Deep, A-Train, Starlight, Tara Reid, Billy Zane.	the_boys/seasons_1/series_6/dash/output.mpd	the_boys/seasons_1/series_6/hls/output.m3u8	the_boys/seasons_1/series_6/subtitles/The.Boys.s01s06.ru.subt.srt	the_boys/seasons_1/series_6/subtitles/The.Boys.s01s06.en.subt.srt	[{"lang": "Ru", "path": "the_boys/seasons_1/series_6/subtitles/The.Boys.s01s06.ru.subt.srt"}, {"lang": "En", "path": "the_boys/seasons_1/series_6/subtitles/The.Boys.s01s06.en.subt.srt"}, {"lang": "Sp", "path": "the_boys/seasons_1/series_6/subtitles/The.Boys.s01s06.sp.subt.srt"}, {"lang": "It", "path": "the_boys/seasons_1/series_6/subtitles/The.Boys.s01s06.it.subt.srt"}, {"lang": "Pt", "path": "the_boys/seasons_1/series_6/subtitles/The.Boys.s01s06.pt.subt.srt"}, {"lang": "Fr", "path": "the_boys/seasons_1/series_6/subtitles/The.Boys.s01s06.fr.subt.srt"}, {"lang": "Ge", "path": "the_boys/seasons_1/series_6/subtitles/The.Boys.s01s06.ge.subt.srt"}, {"lang": "Pl", "path": "the_boys/seasons_1/series_6/subtitles/The.Boys.s01s06.pl.subt.srt"}, {"lang": "Tr", "path": "the_boys/seasons_1/series_6/subtitles/The.Boys.s01s06.tr.subt.srt"}, {"lang": "Cs", "path": "the_boys/seasons_1/series_6/subtitles/The.Boys.s01s06.cs.subt.srt"}]
11	2024-04-29 15:57:21.924596+00	2024-05-05 04:30:32.75922+00	You Found Me	8	Season Finale Time! Questions answered! Secrets revealed! Conflicts… conflicted! Characters exploded! And so much more!	the_boys/seasons_1/series_8/dash/output.mpd	the_boys/seasons_1/series_8/hls/output.m3u8	the_boys/seasons_1/series_8/subtitles/The.Boys.s01s08.ru.subt.srt	the_boys/seasons_1/series_8/subtitles/The.Boys.s01s08.en.subt.srt	[{"lang": "Ru", "path": "the_boys/seasons_1/series_8/subtitles/The.Boys.s01s08.ru.subt.srt"}, {"lang": "En", "path": "the_boys/seasons_1/series_8/subtitles/The.Boys.s01s08.en.subt.srt"}, {"lang": "Sp", "path": "the_boys/seasons_1/series_8/subtitles/The.Boys.s01s08.sp.subt.srt"}, {"lang": "It", "path": "the_boys/seasons_1/series_8/subtitles/The.Boys.s01s08.it.subt.srt"}, {"lang": "Pt", "path": "the_boys/seasons_1/series_8/subtitles/The.Boys.s01s08.pt.subt.srt"}, {"lang": "Fr", "path": "the_boys/seasons_1/series_8/subtitles/The.Boys.s01s08.fr.subt.srt"}, {"lang": "Ge", "path": "the_boys/seasons_1/series_8/subtitles/The.Boys.s01s08.ge.subt.srt"}, {"lang": "Pl", "path": "the_boys/seasons_1/series_8/subtitles/The.Boys.s01s08.pl.subt.srt"}, {"lang": "Tr", "path": "the_boys/seasons_1/series_8/subtitles/The.Boys.s01s08.tr.subt.srt"}, {"lang": "Cs", "path": "the_boys/seasons_1/series_8/subtitles/The.Boys.s01s08.cs.subt.srt"}]
3	2024-04-23 11:52:59.032924+00	2024-05-05 04:26:26.362756+00	Cherry	2	The Boys get themselves a Superhero, Starlight gets payback, Homelander gets naughty, and a Senator gets naughtier.	the_boys/seasons_1/series_2/dash/output.mpd	the_boys/seasons_1/series_2/hls/output.m3u8	the_boys/seasons_1/series_2/subtitles/The.Boys.s01s02.ru.subt.srt	the_boys/seasons_1/series_2/subtitles/The.Boys.s01s02.en.subt.srt	[{"lang": "Ru", "path": "the_boys/seasons_1/series_2/subtitles/The.Boys.s01s02.ru.subt.srt"}, {"lang": "En", "path": "the_boys/seasons_1/series_2/subtitles/The.Boys.s01s02.en.subt.srt"}, {"lang": "Sp", "path": "the_boys/seasons_1/series_2/subtitles/The.Boys.s01s02.sp.subt.srt"}, {"lang": "It", "path": "the_boys/seasons_1/series_2/subtitles/The.Boys.s01s02.it.subt.srt"}, {"lang": "Pt", "path": "the_boys/seasons_1/series_2/subtitles/The.Boys.s01s02.pt.subt.srt"}, {"lang": "Fr", "path": "the_boys/seasons_1/series_2/subtitles/The.Boys.s01s02.fr.subt.srt"}, {"lang": "Ge", "path": "the_boys/seasons_1/series_2/subtitles/The.Boys.s01s02.ge.subt.srt"}, {"lang": "Pl", "path": "the_boys/seasons_1/series_2/subtitles/The.Boys.s01s02.pl.subt.srt"}, {"lang": "Tr", "path": "the_boys/seasons_1/series_2/subtitles/The.Boys.s01s02.tr.subt.srt"}, {"lang": "Cs", "path": "the_boys/seasons_1/series_2/subtitles/The.Boys.s01s02.cs.subt.srt"}]
4	2024-04-23 11:56:45.713609+00	2024-05-05 04:27:01.833042+00	Get Some	3	It’s the race of the century. A-Train versus Shockwave, vying for the title of World’s Fastest Man. Meanwhile, the Boys are reunited and it feels so good.	the_boys/seasons_1/series_3/dash/output.mpd	the_boys/seasons_1/series_3/hls/output.m3u8	the_boys/seasons_1/series_3/subtitles/The.Boys.s01s03.ru.subt.srt	the_boys/seasons_1/series_3/subtitles/The.Boys.s01s03.en.subt.srt	[{"lang": "Ru", "path": "the_boys/seasons_1/series_3/subtitles/The.Boys.s01s03.ru.subt.srt"}, {"lang": "En", "path": "the_boys/seasons_1/series_3/subtitles/The.Boys.s01s03.en.subt.srt"}, {"lang": "Sp", "path": "the_boys/seasons_1/series_3/subtitles/The.Boys.s01s03.sp.subt.srt"}, {"lang": "It", "path": "the_boys/seasons_1/series_3/subtitles/The.Boys.s01s03.it.subt.srt"}, {"lang": "Pt", "path": "the_boys/seasons_1/series_3/subtitles/The.Boys.s01s03.pt.subt.srt"}, {"lang": "Fr", "path": "the_boys/seasons_1/series_3/subtitles/The.Boys.s01s03.fr.subt.srt"}, {"lang": "Ge", "path": "the_boys/seasons_1/series_3/subtitles/The.Boys.s01s03.ge.subt.srt"}, {"lang": "Pl", "path": "the_boys/seasons_1/series_3/subtitles/The.Boys.s01s03.pl.subt.srt"}, {"lang": "Tr", "path": "the_boys/seasons_1/series_3/subtitles/The.Boys.s01s03.tr.subt.srt"}, {"lang": "Cs", "path": "the_boys/seasons_1/series_3/subtitles/The.Boys.s01s03.cs.subt.srt"}]
\.


--
-- Data for Name: user_user; Type: TABLE DATA; Schema: public; Owner: postgres
--

COPY public.user_user (id, password, last_login, is_superuser, username, first_name, last_name, email, is_staff, is_active, date_joined, phone, age, image) FROM stdin;
1	pbkdf2_sha256$720000$p29bIS39kBUcQgua68Nizy$560YlJZUtPwqYk24BStmBvVrMCNqQwhHFYDdGcVbF9I=	2024-05-31 08:58:52.027371+00	t	shurxet				t	t	2024-05-31 05:46:24.545808+00	\N	\N	
\.


--
-- Data for Name: user_user_groups; Type: TABLE DATA; Schema: public; Owner: postgres
--

COPY public.user_user_groups (id, user_id, group_id) FROM stdin;
\.


--
-- Data for Name: user_user_user_permissions; Type: TABLE DATA; Schema: public; Owner: postgres
--

COPY public.user_user_user_permissions (id, user_id, permission_id) FROM stdin;
\.


--
-- Name: auth_group_id_seq; Type: SEQUENCE SET; Schema: public; Owner: postgres
--

SELECT pg_catalog.setval('public.auth_group_id_seq', 1, false);


--
-- Name: auth_group_permissions_id_seq; Type: SEQUENCE SET; Schema: public; Owner: postgres
--

SELECT pg_catalog.setval('public.auth_group_permissions_id_seq', 1, false);


--
-- Name: auth_permission_id_seq; Type: SEQUENCE SET; Schema: public; Owner: postgres
--

SELECT pg_catalog.setval('public.auth_permission_id_seq', 52, true);


--
-- Name: cinema_country_id_seq; Type: SEQUENCE SET; Schema: public; Owner: postgres
--

SELECT pg_catalog.setval('public.cinema_country_id_seq', 2, true);


--
-- Name: cinema_genre_id_seq; Type: SEQUENCE SET; Schema: public; Owner: postgres
--

SELECT pg_catalog.setval('public.cinema_genre_id_seq', 8, true);


--
-- Name: cinema_movie_countries_id_seq; Type: SEQUENCE SET; Schema: public; Owner: postgres
--

SELECT pg_catalog.setval('public.cinema_movie_countries_id_seq', 12, true);


--
-- Name: cinema_movie_genre_id_seq; Type: SEQUENCE SET; Schema: public; Owner: postgres
--

SELECT pg_catalog.setval('public.cinema_movie_genre_id_seq', 17, true);


--
-- Name: cinema_movie_id_seq; Type: SEQUENCE SET; Schema: public; Owner: postgres
--

SELECT pg_catalog.setval('public.cinema_movie_id_seq', 12, true);


--
-- Name: cinema_movie_seasons_id_seq; Type: SEQUENCE SET; Schema: public; Owner: postgres
--

SELECT pg_catalog.setval('public.cinema_movie_seasons_id_seq', 13, true);


--
-- Name: cinema_season_id_seq; Type: SEQUENCE SET; Schema: public; Owner: postgres
--

SELECT pg_catalog.setval('public.cinema_season_id_seq', 13, true);


--
-- Name: cinema_season_series_id_seq; Type: SEQUENCE SET; Schema: public; Owner: postgres
--

SELECT pg_catalog.setval('public.cinema_season_series_id_seq', 23, true);


--
-- Name: cinema_series_id_seq; Type: SEQUENCE SET; Schema: public; Owner: postgres
--

SELECT pg_catalog.setval('public.cinema_series_id_seq', 22, true);


--
-- Name: django_admin_log_id_seq; Type: SEQUENCE SET; Schema: public; Owner: postgres
--

SELECT pg_catalog.setval('public.django_admin_log_id_seq', 1, false);


--
-- Name: django_content_type_id_seq; Type: SEQUENCE SET; Schema: public; Owner: postgres
--

SELECT pg_catalog.setval('public.django_content_type_id_seq', 19, true);


--
-- Name: django_migrations_id_seq; Type: SEQUENCE SET; Schema: public; Owner: postgres
--

SELECT pg_catalog.setval('public.django_migrations_id_seq', 75, true);


--
-- Name: user_user_groups_id_seq; Type: SEQUENCE SET; Schema: public; Owner: postgres
--

SELECT pg_catalog.setval('public.user_user_groups_id_seq', 1, false);


--
-- Name: user_user_id_seq; Type: SEQUENCE SET; Schema: public; Owner: postgres
--

SELECT pg_catalog.setval('public.user_user_id_seq', 1, true);


--
-- Name: user_user_user_permissions_id_seq; Type: SEQUENCE SET; Schema: public; Owner: postgres
--

SELECT pg_catalog.setval('public.user_user_user_permissions_id_seq', 1, false);


--
-- Name: auth_group auth_group_name_key; Type: CONSTRAINT; Schema: public; Owner: postgres
--

ALTER TABLE ONLY public.auth_group
    ADD CONSTRAINT auth_group_name_key UNIQUE (name);


--
-- Name: auth_group_permissions auth_group_permissions_group_id_permission_id_0cd325b0_uniq; Type: CONSTRAINT; Schema: public; Owner: postgres
--

ALTER TABLE ONLY public.auth_group_permissions
    ADD CONSTRAINT auth_group_permissions_group_id_permission_id_0cd325b0_uniq UNIQUE (group_id, permission_id);


--
-- Name: auth_group_permissions auth_group_permissions_pkey; Type: CONSTRAINT; Schema: public; Owner: postgres
--

ALTER TABLE ONLY public.auth_group_permissions
    ADD CONSTRAINT auth_group_permissions_pkey PRIMARY KEY (id);


--
-- Name: auth_group auth_group_pkey; Type: CONSTRAINT; Schema: public; Owner: postgres
--

ALTER TABLE ONLY public.auth_group
    ADD CONSTRAINT auth_group_pkey PRIMARY KEY (id);


--
-- Name: auth_permission auth_permission_content_type_id_codename_01ab375a_uniq; Type: CONSTRAINT; Schema: public; Owner: postgres
--

ALTER TABLE ONLY public.auth_permission
    ADD CONSTRAINT auth_permission_content_type_id_codename_01ab375a_uniq UNIQUE (content_type_id, codename);


--
-- Name: auth_permission auth_permission_pkey; Type: CONSTRAINT; Schema: public; Owner: postgres
--

ALTER TABLE ONLY public.auth_permission
    ADD CONSTRAINT auth_permission_pkey PRIMARY KEY (id);


--
-- Name: authtoken_token authtoken_token_pkey; Type: CONSTRAINT; Schema: public; Owner: postgres
--

ALTER TABLE ONLY public.authtoken_token
    ADD CONSTRAINT authtoken_token_pkey PRIMARY KEY (key);


--
-- Name: authtoken_token authtoken_token_user_id_key; Type: CONSTRAINT; Schema: public; Owner: postgres
--

ALTER TABLE ONLY public.authtoken_token
    ADD CONSTRAINT authtoken_token_user_id_key UNIQUE (user_id);


--
-- Name: movie_country cinema_country_pkey; Type: CONSTRAINT; Schema: public; Owner: postgres
--

ALTER TABLE ONLY public.movie_country
    ADD CONSTRAINT cinema_country_pkey PRIMARY KEY (id);


--
-- Name: movie_genre cinema_genre_pkey; Type: CONSTRAINT; Schema: public; Owner: postgres
--

ALTER TABLE ONLY public.movie_genre
    ADD CONSTRAINT cinema_genre_pkey PRIMARY KEY (id);


--
-- Name: movie_movie_countries cinema_movie_countries_movie_id_country_id_4ce3801d_uniq; Type: CONSTRAINT; Schema: public; Owner: postgres
--

ALTER TABLE ONLY public.movie_movie_countries
    ADD CONSTRAINT cinema_movie_countries_movie_id_country_id_4ce3801d_uniq UNIQUE (movie_id, country_id);


--
-- Name: movie_movie_countries cinema_movie_countries_pkey; Type: CONSTRAINT; Schema: public; Owner: postgres
--

ALTER TABLE ONLY public.movie_movie_countries
    ADD CONSTRAINT cinema_movie_countries_pkey PRIMARY KEY (id);


--
-- Name: movie_movie_genre cinema_movie_genre_movie_id_genre_id_e91f06da_uniq; Type: CONSTRAINT; Schema: public; Owner: postgres
--

ALTER TABLE ONLY public.movie_movie_genre
    ADD CONSTRAINT cinema_movie_genre_movie_id_genre_id_e91f06da_uniq UNIQUE (movie_id, genre_id);


--
-- Name: movie_movie_genre cinema_movie_genre_pkey; Type: CONSTRAINT; Schema: public; Owner: postgres
--

ALTER TABLE ONLY public.movie_movie_genre
    ADD CONSTRAINT cinema_movie_genre_pkey PRIMARY KEY (id);


--
-- Name: movie_movie cinema_movie_pkey; Type: CONSTRAINT; Schema: public; Owner: postgres
--

ALTER TABLE ONLY public.movie_movie
    ADD CONSTRAINT cinema_movie_pkey PRIMARY KEY (id);


--
-- Name: movie_movie_seasons cinema_movie_seasons_movie_id_season_id_b877c1fe_uniq; Type: CONSTRAINT; Schema: public; Owner: postgres
--

ALTER TABLE ONLY public.movie_movie_seasons
    ADD CONSTRAINT cinema_movie_seasons_movie_id_season_id_b877c1fe_uniq UNIQUE (movie_id, season_id);


--
-- Name: movie_movie_seasons cinema_movie_seasons_pkey; Type: CONSTRAINT; Schema: public; Owner: postgres
--

ALTER TABLE ONLY public.movie_movie_seasons
    ADD CONSTRAINT cinema_movie_seasons_pkey PRIMARY KEY (id);


--
-- Name: movie_season cinema_season_pkey; Type: CONSTRAINT; Schema: public; Owner: postgres
--

ALTER TABLE ONLY public.movie_season
    ADD CONSTRAINT cinema_season_pkey PRIMARY KEY (id);


--
-- Name: movie_season_series cinema_season_series_pkey; Type: CONSTRAINT; Schema: public; Owner: postgres
--

ALTER TABLE ONLY public.movie_season_series
    ADD CONSTRAINT cinema_season_series_pkey PRIMARY KEY (id);


--
-- Name: movie_season_series cinema_season_series_season_id_series_id_6e7072b0_uniq; Type: CONSTRAINT; Schema: public; Owner: postgres
--

ALTER TABLE ONLY public.movie_season_series
    ADD CONSTRAINT cinema_season_series_season_id_series_id_6e7072b0_uniq UNIQUE (season_id, series_id);


--
-- Name: movie_series cinema_series_pkey; Type: CONSTRAINT; Schema: public; Owner: postgres
--

ALTER TABLE ONLY public.movie_series
    ADD CONSTRAINT cinema_series_pkey PRIMARY KEY (id);


--
-- Name: django_admin_log django_admin_log_pkey; Type: CONSTRAINT; Schema: public; Owner: postgres
--

ALTER TABLE ONLY public.django_admin_log
    ADD CONSTRAINT django_admin_log_pkey PRIMARY KEY (id);


--
-- Name: django_content_type django_content_type_app_label_model_76bd3d3b_uniq; Type: CONSTRAINT; Schema: public; Owner: postgres
--

ALTER TABLE ONLY public.django_content_type
    ADD CONSTRAINT django_content_type_app_label_model_76bd3d3b_uniq UNIQUE (app_label, model);


--
-- Name: django_content_type django_content_type_pkey; Type: CONSTRAINT; Schema: public; Owner: postgres
--

ALTER TABLE ONLY public.django_content_type
    ADD CONSTRAINT django_content_type_pkey PRIMARY KEY (id);


--
-- Name: django_migrations django_migrations_pkey; Type: CONSTRAINT; Schema: public; Owner: postgres
--

ALTER TABLE ONLY public.django_migrations
    ADD CONSTRAINT django_migrations_pkey PRIMARY KEY (id);


--
-- Name: django_session django_session_pkey; Type: CONSTRAINT; Schema: public; Owner: postgres
--

ALTER TABLE ONLY public.django_session
    ADD CONSTRAINT django_session_pkey PRIMARY KEY (session_key);


--
-- Name: user_user user_user_email_1c6f3d1a_uniq; Type: CONSTRAINT; Schema: public; Owner: postgres
--

ALTER TABLE ONLY public.user_user
    ADD CONSTRAINT user_user_email_1c6f3d1a_uniq UNIQUE (email);


--
-- Name: user_user_groups user_user_groups_pkey; Type: CONSTRAINT; Schema: public; Owner: postgres
--

ALTER TABLE ONLY public.user_user_groups
    ADD CONSTRAINT user_user_groups_pkey PRIMARY KEY (id);


--
-- Name: user_user_groups user_user_groups_user_id_group_id_bb60391f_uniq; Type: CONSTRAINT; Schema: public; Owner: postgres
--

ALTER TABLE ONLY public.user_user_groups
    ADD CONSTRAINT user_user_groups_user_id_group_id_bb60391f_uniq UNIQUE (user_id, group_id);


--
-- Name: user_user user_user_phone_key; Type: CONSTRAINT; Schema: public; Owner: postgres
--

ALTER TABLE ONLY public.user_user
    ADD CONSTRAINT user_user_phone_key UNIQUE (phone);


--
-- Name: user_user user_user_pkey; Type: CONSTRAINT; Schema: public; Owner: postgres
--

ALTER TABLE ONLY public.user_user
    ADD CONSTRAINT user_user_pkey PRIMARY KEY (id);


--
-- Name: user_user_user_permissions user_user_user_permissions_pkey; Type: CONSTRAINT; Schema: public; Owner: postgres
--

ALTER TABLE ONLY public.user_user_user_permissions
    ADD CONSTRAINT user_user_user_permissions_pkey PRIMARY KEY (id);


--
-- Name: user_user_user_permissions user_user_user_permissions_user_id_permission_id_64f4d5b8_uniq; Type: CONSTRAINT; Schema: public; Owner: postgres
--

ALTER TABLE ONLY public.user_user_user_permissions
    ADD CONSTRAINT user_user_user_permissions_user_id_permission_id_64f4d5b8_uniq UNIQUE (user_id, permission_id);


--
-- Name: user_user user_user_username_key; Type: CONSTRAINT; Schema: public; Owner: postgres
--

ALTER TABLE ONLY public.user_user
    ADD CONSTRAINT user_user_username_key UNIQUE (username);


--
-- Name: auth_group_name_a6ea08ec_like; Type: INDEX; Schema: public; Owner: postgres
--

CREATE INDEX auth_group_name_a6ea08ec_like ON public.auth_group USING btree (name varchar_pattern_ops);


--
-- Name: auth_group_permissions_group_id_b120cbf9; Type: INDEX; Schema: public; Owner: postgres
--

CREATE INDEX auth_group_permissions_group_id_b120cbf9 ON public.auth_group_permissions USING btree (group_id);


--
-- Name: auth_group_permissions_permission_id_84c5c92e; Type: INDEX; Schema: public; Owner: postgres
--

CREATE INDEX auth_group_permissions_permission_id_84c5c92e ON public.auth_group_permissions USING btree (permission_id);


--
-- Name: auth_permission_content_type_id_2f476e4b; Type: INDEX; Schema: public; Owner: postgres
--

CREATE INDEX auth_permission_content_type_id_2f476e4b ON public.auth_permission USING btree (content_type_id);


--
-- Name: authtoken_token_key_10f0b77e_like; Type: INDEX; Schema: public; Owner: postgres
--

CREATE INDEX authtoken_token_key_10f0b77e_like ON public.authtoken_token USING btree (key varchar_pattern_ops);


--
-- Name: cinema_movie_countries_country_id_d116e405; Type: INDEX; Schema: public; Owner: postgres
--

CREATE INDEX cinema_movie_countries_country_id_d116e405 ON public.movie_movie_countries USING btree (country_id);


--
-- Name: cinema_movie_countries_movie_id_44018cde; Type: INDEX; Schema: public; Owner: postgres
--

CREATE INDEX cinema_movie_countries_movie_id_44018cde ON public.movie_movie_countries USING btree (movie_id);


--
-- Name: cinema_movie_genre_genre_id_285bb304; Type: INDEX; Schema: public; Owner: postgres
--

CREATE INDEX cinema_movie_genre_genre_id_285bb304 ON public.movie_movie_genre USING btree (genre_id);


--
-- Name: cinema_movie_genre_movie_id_99a75dc6; Type: INDEX; Schema: public; Owner: postgres
--

CREATE INDEX cinema_movie_genre_movie_id_99a75dc6 ON public.movie_movie_genre USING btree (movie_id);


--
-- Name: cinema_movie_seasons_movie_id_633d6ae3; Type: INDEX; Schema: public; Owner: postgres
--

CREATE INDEX cinema_movie_seasons_movie_id_633d6ae3 ON public.movie_movie_seasons USING btree (movie_id);


--
-- Name: cinema_movie_seasons_season_id_7d0583d8; Type: INDEX; Schema: public; Owner: postgres
--

CREATE INDEX cinema_movie_seasons_season_id_7d0583d8 ON public.movie_movie_seasons USING btree (season_id);


--
-- Name: cinema_season_series_season_id_a3993faf; Type: INDEX; Schema: public; Owner: postgres
--

CREATE INDEX cinema_season_series_season_id_a3993faf ON public.movie_season_series USING btree (season_id);


--
-- Name: cinema_season_series_series_id_58ab0a54; Type: INDEX; Schema: public; Owner: postgres
--

CREATE INDEX cinema_season_series_series_id_58ab0a54 ON public.movie_season_series USING btree (series_id);


--
-- Name: django_admin_log_content_type_id_c4bce8eb; Type: INDEX; Schema: public; Owner: postgres
--

CREATE INDEX django_admin_log_content_type_id_c4bce8eb ON public.django_admin_log USING btree (content_type_id);


--
-- Name: django_admin_log_user_id_c564eba6; Type: INDEX; Schema: public; Owner: postgres
--

CREATE INDEX django_admin_log_user_id_c564eba6 ON public.django_admin_log USING btree (user_id);


--
-- Name: django_session_expire_date_a5c62663; Type: INDEX; Schema: public; Owner: postgres
--

CREATE INDEX django_session_expire_date_a5c62663 ON public.django_session USING btree (expire_date);


--
-- Name: django_session_session_key_c0390e0f_like; Type: INDEX; Schema: public; Owner: postgres
--

CREATE INDEX django_session_session_key_c0390e0f_like ON public.django_session USING btree (session_key varchar_pattern_ops);


--
-- Name: user_user_email_1c6f3d1a_like; Type: INDEX; Schema: public; Owner: postgres
--

CREATE INDEX user_user_email_1c6f3d1a_like ON public.user_user USING btree (email varchar_pattern_ops);


--
-- Name: user_user_groups_group_id_c57f13c0; Type: INDEX; Schema: public; Owner: postgres
--

CREATE INDEX user_user_groups_group_id_c57f13c0 ON public.user_user_groups USING btree (group_id);


--
-- Name: user_user_groups_user_id_13f9a20d; Type: INDEX; Schema: public; Owner: postgres
--

CREATE INDEX user_user_groups_user_id_13f9a20d ON public.user_user_groups USING btree (user_id);


--
-- Name: user_user_phone_9279a142_like; Type: INDEX; Schema: public; Owner: postgres
--

CREATE INDEX user_user_phone_9279a142_like ON public.user_user USING btree (phone varchar_pattern_ops);


--
-- Name: user_user_user_permissions_permission_id_ce49d4de; Type: INDEX; Schema: public; Owner: postgres
--

CREATE INDEX user_user_user_permissions_permission_id_ce49d4de ON public.user_user_user_permissions USING btree (permission_id);


--
-- Name: user_user_user_permissions_user_id_31782f58; Type: INDEX; Schema: public; Owner: postgres
--

CREATE INDEX user_user_user_permissions_user_id_31782f58 ON public.user_user_user_permissions USING btree (user_id);


--
-- Name: user_user_username_e2bdfe0c_like; Type: INDEX; Schema: public; Owner: postgres
--

CREATE INDEX user_user_username_e2bdfe0c_like ON public.user_user USING btree (username varchar_pattern_ops);


--
-- Name: auth_group_permissions auth_group_permissio_permission_id_84c5c92e_fk_auth_perm; Type: FK CONSTRAINT; Schema: public; Owner: postgres
--

ALTER TABLE ONLY public.auth_group_permissions
    ADD CONSTRAINT auth_group_permissio_permission_id_84c5c92e_fk_auth_perm FOREIGN KEY (permission_id) REFERENCES public.auth_permission(id) DEFERRABLE INITIALLY DEFERRED;


--
-- Name: auth_group_permissions auth_group_permissions_group_id_b120cbf9_fk_auth_group_id; Type: FK CONSTRAINT; Schema: public; Owner: postgres
--

ALTER TABLE ONLY public.auth_group_permissions
    ADD CONSTRAINT auth_group_permissions_group_id_b120cbf9_fk_auth_group_id FOREIGN KEY (group_id) REFERENCES public.auth_group(id) DEFERRABLE INITIALLY DEFERRED;


--
-- Name: auth_permission auth_permission_content_type_id_2f476e4b_fk_django_co; Type: FK CONSTRAINT; Schema: public; Owner: postgres
--

ALTER TABLE ONLY public.auth_permission
    ADD CONSTRAINT auth_permission_content_type_id_2f476e4b_fk_django_co FOREIGN KEY (content_type_id) REFERENCES public.django_content_type(id) DEFERRABLE INITIALLY DEFERRED;


--
-- Name: authtoken_token authtoken_token_user_id_35299eff_fk_user_user_id; Type: FK CONSTRAINT; Schema: public; Owner: postgres
--

ALTER TABLE ONLY public.authtoken_token
    ADD CONSTRAINT authtoken_token_user_id_35299eff_fk_user_user_id FOREIGN KEY (user_id) REFERENCES public.user_user(id) DEFERRABLE INITIALLY DEFERRED;


--
-- Name: movie_movie_countries cinema_movie_countries_country_id_d116e405_fk_cinema_country_id; Type: FK CONSTRAINT; Schema: public; Owner: postgres
--

ALTER TABLE ONLY public.movie_movie_countries
    ADD CONSTRAINT cinema_movie_countries_country_id_d116e405_fk_cinema_country_id FOREIGN KEY (country_id) REFERENCES public.movie_country(id) DEFERRABLE INITIALLY DEFERRED;


--
-- Name: movie_movie_countries cinema_movie_countries_movie_id_44018cde_fk_cinema_movie_id; Type: FK CONSTRAINT; Schema: public; Owner: postgres
--

ALTER TABLE ONLY public.movie_movie_countries
    ADD CONSTRAINT cinema_movie_countries_movie_id_44018cde_fk_cinema_movie_id FOREIGN KEY (movie_id) REFERENCES public.movie_movie(id) DEFERRABLE INITIALLY DEFERRED;


--
-- Name: movie_movie_genre cinema_movie_genre_genre_id_285bb304_fk_cinema_genre_id; Type: FK CONSTRAINT; Schema: public; Owner: postgres
--

ALTER TABLE ONLY public.movie_movie_genre
    ADD CONSTRAINT cinema_movie_genre_genre_id_285bb304_fk_cinema_genre_id FOREIGN KEY (genre_id) REFERENCES public.movie_genre(id) DEFERRABLE INITIALLY DEFERRED;


--
-- Name: movie_movie_genre cinema_movie_genre_movie_id_99a75dc6_fk_cinema_movie_id; Type: FK CONSTRAINT; Schema: public; Owner: postgres
--

ALTER TABLE ONLY public.movie_movie_genre
    ADD CONSTRAINT cinema_movie_genre_movie_id_99a75dc6_fk_cinema_movie_id FOREIGN KEY (movie_id) REFERENCES public.movie_movie(id) DEFERRABLE INITIALLY DEFERRED;


--
-- Name: movie_movie_seasons cinema_movie_seasons_movie_id_633d6ae3_fk_cinema_movie_id; Type: FK CONSTRAINT; Schema: public; Owner: postgres
--

ALTER TABLE ONLY public.movie_movie_seasons
    ADD CONSTRAINT cinema_movie_seasons_movie_id_633d6ae3_fk_cinema_movie_id FOREIGN KEY (movie_id) REFERENCES public.movie_movie(id) DEFERRABLE INITIALLY DEFERRED;


--
-- Name: movie_movie_seasons cinema_movie_seasons_season_id_7d0583d8_fk_cinema_season_id; Type: FK CONSTRAINT; Schema: public; Owner: postgres
--

ALTER TABLE ONLY public.movie_movie_seasons
    ADD CONSTRAINT cinema_movie_seasons_season_id_7d0583d8_fk_cinema_season_id FOREIGN KEY (season_id) REFERENCES public.movie_season(id) DEFERRABLE INITIALLY DEFERRED;


--
-- Name: movie_season_series cinema_season_series_season_id_a3993faf_fk_cinema_season_id; Type: FK CONSTRAINT; Schema: public; Owner: postgres
--

ALTER TABLE ONLY public.movie_season_series
    ADD CONSTRAINT cinema_season_series_season_id_a3993faf_fk_cinema_season_id FOREIGN KEY (season_id) REFERENCES public.movie_season(id) DEFERRABLE INITIALLY DEFERRED;


--
-- Name: movie_season_series cinema_season_series_series_id_58ab0a54_fk_cinema_series_id; Type: FK CONSTRAINT; Schema: public; Owner: postgres
--

ALTER TABLE ONLY public.movie_season_series
    ADD CONSTRAINT cinema_season_series_series_id_58ab0a54_fk_cinema_series_id FOREIGN KEY (series_id) REFERENCES public.movie_series(id) DEFERRABLE INITIALLY DEFERRED;


--
-- Name: django_admin_log django_admin_log_content_type_id_c4bce8eb_fk_django_co; Type: FK CONSTRAINT; Schema: public; Owner: postgres
--

ALTER TABLE ONLY public.django_admin_log
    ADD CONSTRAINT django_admin_log_content_type_id_c4bce8eb_fk_django_co FOREIGN KEY (content_type_id) REFERENCES public.django_content_type(id) DEFERRABLE INITIALLY DEFERRED;


--
-- Name: django_admin_log django_admin_log_user_id_c564eba6_fk_user_user_id; Type: FK CONSTRAINT; Schema: public; Owner: postgres
--

ALTER TABLE ONLY public.django_admin_log
    ADD CONSTRAINT django_admin_log_user_id_c564eba6_fk_user_user_id FOREIGN KEY (user_id) REFERENCES public.user_user(id) DEFERRABLE INITIALLY DEFERRED;


--
-- Name: user_user_groups user_user_groups_group_id_c57f13c0_fk_auth_group_id; Type: FK CONSTRAINT; Schema: public; Owner: postgres
--

ALTER TABLE ONLY public.user_user_groups
    ADD CONSTRAINT user_user_groups_group_id_c57f13c0_fk_auth_group_id FOREIGN KEY (group_id) REFERENCES public.auth_group(id) DEFERRABLE INITIALLY DEFERRED;


--
-- Name: user_user_groups user_user_groups_user_id_13f9a20d_fk_user_user_id; Type: FK CONSTRAINT; Schema: public; Owner: postgres
--

ALTER TABLE ONLY public.user_user_groups
    ADD CONSTRAINT user_user_groups_user_id_13f9a20d_fk_user_user_id FOREIGN KEY (user_id) REFERENCES public.user_user(id) DEFERRABLE INITIALLY DEFERRED;


--
-- Name: user_user_user_permissions user_user_user_permi_permission_id_ce49d4de_fk_auth_perm; Type: FK CONSTRAINT; Schema: public; Owner: postgres
--

ALTER TABLE ONLY public.user_user_user_permissions
    ADD CONSTRAINT user_user_user_permi_permission_id_ce49d4de_fk_auth_perm FOREIGN KEY (permission_id) REFERENCES public.auth_permission(id) DEFERRABLE INITIALLY DEFERRED;


--
-- Name: user_user_user_permissions user_user_user_permissions_user_id_31782f58_fk_user_user_id; Type: FK CONSTRAINT; Schema: public; Owner: postgres
--

ALTER TABLE ONLY public.user_user_user_permissions
    ADD CONSTRAINT user_user_user_permissions_user_id_31782f58_fk_user_user_id FOREIGN KEY (user_id) REFERENCES public.user_user(id) DEFERRABLE INITIALLY DEFERRED;


--
-- Name: SCHEMA public; Type: ACL; Schema: -; Owner: postgres
--

REVOKE USAGE ON SCHEMA public FROM PUBLIC;


--
-- PostgreSQL database dump complete
--

